{
  "type": "FeatureCollection",
  "features": [
    {
      "type": "Feature",
      "properties": {
        "_markerType": "DivIcon",
        "_html": "　"
      },
      "geometry": {
        "type": "Point",
        "coordinates": [
          141.150939,
          39.16728
        ]
      }
    },
    {
      "type": "Feature",
      "properties": {
        "_markerType": "DivIcon",
        "_html": "<div style=\"font-size:11pt;font-weight:bold;background-color:#00ffff;\">水工-2</div>"
      },
      "geometry": {
        "type": "Point",
        "coordinates": [
          141.150455,
          39.167332
        ]
      }
    },
    {
      "type": "Feature",
      "properties": {
        "_markerType": "DivIcon",
        "_html": "　"
      },
      "geometry": {
        "type": "Point",
        "coordinates": [
          141.150165,
          39.166058
        ]
      }
    },
    {
      "type": "Feature",
      "properties": {
        "_markerType": "DivIcon",
        "_html": "<div style=\"font-size:11pt;font-weight:bold;background-color:#00ffff;\">水工-1</div>"
      },
      "geometry": {
        "type": "Point",
        "coordinates": [
          141.14938,
          39.166439
        ]
      }
    },
    {
      "type": "Feature",
      "properties": {
        "_color": "#ff00ff",
        "_opacity": 1,
        "_weight": 3
      },
      "geometry": {
        "type": "LineString",
        "coordinates": [
          [
            141.146787,
            39.167568
          ],
          [
            141.147013,
            39.16751
          ],
          [
            141.147184,
            39.167443
          ],
          [
            141.147388,
            39.167211
          ],
          [
            141.147689,
            39.167144
          ],
          [
            141.148493,
            39.167202
          ]
        ]
      }
    },
    {
      "type": "Feature",
      "properties": {
        "_markerType": "DivIcon",
        "_html": "<div style=\"font-size:11pt;font-weight:bold;background-color:#00ffff;\">舘下</div>"
      },
      "geometry": {
        "type": "Point",
        "coordinates": [
          141.148113,
          39.166637
        ]
      }
    },
    {
      "type": "Feature",
      "properties": {
        "_color": "#ff00ff",
        "_opacity": 1,
        "_weight": 3
      },
      "geometry": {
        "type": "LineString",
        "coordinates": [
          [
            141.144631,
            39.169897
          ],
          [
            141.145167,
            39.170405
          ],
          [
            141.145242,
            39.17038
          ],
          [
            141.145747,
            39.170604
          ],
          [
            141.145972,
            39.170629
          ],
          [
            141.146069,
            39.170613
          ],
          [
            141.146594,
            39.170538
          ],
          [
            141.146734,
            39.170629
          ],
          [
            141.146948,
            39.170862
          ],
          [
            141.147388,
            39.169972
          ],
          [
            141.147184,
            39.169772
          ],
          [
            141.147174,
            39.169631
          ],
          [
            141.147367,
            39.169623
          ],
          [
            141.14742,
            39.169423
          ],
          [
            141.147742,
            39.169465
          ],
          [
            141.147453,
            39.168841
          ],
          [
            141.147324,
            39.168841
          ],
          [
            141.147292,
            39.168335
          ],
          [
            141.147903,
            39.167662
          ]
        ]
      }
    },
    {
      "type": "Feature",
      "properties": {
        "_markerType": "DivIcon",
        "_html": "<div style=\"font-size:11pt;font-weight:bold;background-color:#00ffff;\">小井戸</div>"
      },
      "geometry": {
        "type": "Point",
        "coordinates": [
          141.146261,
          39.16942
        ]
      }
    },
    {
      "type": "Feature",
      "properties": {
        "_color": "#ff00ff",
        "_opacity": 1,
        "_weight": 3
      },
      "geometry": {
        "type": "LineString",
        "coordinates": [
          [
            141.141847,
            39.169532
          ],
          [
            141.14138,
            39.169478
          ],
          [
            141.140801,
            39.169444
          ],
          [
            141.140254,
            39.169411
          ],
          [
            141.139942,
            39.169428
          ],
          [
            141.13946,
            39.169419
          ],
          [
            141.139014,
            39.169403
          ],
          [
            141.138456,
            39.169407
          ],
          [
            141.137936,
            39.16922
          ],
          [
            141.137716,
            39.169195
          ],
          [
            141.136922,
            39.169099
          ],
          [
            141.136305,
            39.16902
          ],
          [
            141.137507,
            39.167045
          ]
        ]
      }
    },
    {
      "type": "Feature",
      "properties": {
        "_markerType": "DivIcon",
        "_html": "<div style=\"font-size:11pt;font-weight:bold;background-color:#00ffff;\">中田</div>"
      },
      "geometry": {
        "type": "Point",
        "coordinates": [
          141.139452,
          39.166217
        ]
      }
    },
    {
      "type": "Feature",
      "properties": {
        "_markerType": "DivIcon",
        "_html": "<div style=\"font-size:11pt;font-weight:bold;background-color:#00ffff;\">中ノ町</div>"
      },
      "geometry": {
        "type": "Point",
        "coordinates": [
          141.142337,
          39.163638
        ]
      }
    },
    {
      "type": "Feature",
      "properties": {
        "_markerType": "DivIcon",
        "_html": "　"
      },
      "geometry": {
        "type": "Point",
        "coordinates": [
          141.144683,
          39.162344
        ]
      }
    },
    {
      "type": "Feature",
      "properties": {
        "_markerType": "DivIcon",
        "_html": "<div style=\"font-size:11pt;font-weight:bold;background-color:#00ffff;\">沼田</div>"
      },
      "geometry": {
        "type": "Point",
        "coordinates": [
          141.144285,
          39.162555
        ]
      }
    },
    {
      "type": "Feature",
      "properties": {
        "_markerType": "DivIcon",
        "_html": "　"
      },
      "geometry": {
        "type": "Point",
        "coordinates": [
          141.14243,
          39.160888
        ]
      }
    },
    {
      "type": "Feature",
      "properties": {
        "_markerType": "DivIcon",
        "_html": "<div style=\"font-size:11pt;font-weight:bold;background-color:#00ffff;\">三反町</div>"
      },
      "geometry": {
        "type": "Point",
        "coordinates": [
          141.141758,
          39.161506
        ]
      }
    },
    {
      "type": "Feature",
      "properties": {
        "_markerType": "DivIcon",
        "_html": "<div style=\"font-size:11pt;font-weight:bold;background-color:#00ffff;\">高谷</div>"
      },
      "geometry": {
        "type": "Point",
        "coordinates": [
          141.154637,
          39.155216
        ]
      }
    },
    {
      "type": "Feature",
      "properties": {
        "_markerType": "DivIcon",
        "_html": "<div style=\"font-size:11pt;font-weight:bold;background-color:#00ffff;\">矢中</div>"
      },
      "geometry": {
        "type": "Point",
        "coordinates": [
          141.157458,
          39.155136
        ]
      }
    },
    {
      "type": "Feature",
      "properties": {
        "_color": "#ff00ff",
        "_opacity": 1,
        "_weight": 3
      },
      "geometry": {
        "type": "LineString",
        "coordinates": [
          [
            141.136295,
            39.169032
          ],
          [
            141.135716,
            39.169987
          ]
        ]
      }
    },
    {
      "type": "Feature",
      "properties": {
        "_markerType": "DivIcon",
        "_html": "<div style=\"font-size:15pt;font-weight:bold;color:#ff0000;background-color:rgb(255, 255, 0);\">十文字行政区</div>"
      },
      "geometry": {
        "type": "Point",
        "coordinates": [
          141.136007,
          39.168736
        ]
      }
    },
    {
      "type": "Feature",
      "properties": {
        "_markerType": "DivIcon",
        "_html": "<div style=\"font-size:11pt;font-weight:bold;background-color:#00ffff;\">竈堂</div>"
      },
      "geometry": {
        "type": "Point",
        "coordinates": [
          141.139824,
          39.16816
        ]
      }
    },
    {
      "type": "Feature",
      "properties": {
        "_markerType": "DivIcon",
        "_html": "<div style=\"font-size:11pt;font-weight:bold;background-color:#00ffff;\">東大畑</div>"
      },
      "geometry": {
        "type": "Point",
        "coordinates": [
          141.134505,
          39.167113
        ]
      }
    },
    {
      "type": "Feature",
      "properties": {
        "_markerType": "DivIcon",
        "_html": "　"
      },
      "geometry": {
        "type": "Point",
        "coordinates": [
          141.136174,
          39.165261
        ]
      }
    },
    {
      "type": "Feature",
      "properties": {
        "_markerType": "DivIcon",
        "_html": "<div style=\"font-size:11pt;font-weight:bold;background-color:#00ffff;\">梨ノ木町</div>"
      },
      "geometry": {
        "type": "Point",
        "coordinates": [
          141.135936,
          39.165513
        ]
      }
    },
    {
      "type": "Feature",
      "properties": {
        "_markerType": "DivIcon",
        "_html": "<div style=\"font-size:11pt;font-weight:bold;background-color:#a2c4c9;\">東大畑</div>"
      },
      "geometry": {
        "type": "Point",
        "coordinates": [
          141.13229,
          39.166093
        ]
      }
    },
    {
      "type": "Feature",
      "properties": {
        "_color": "#ff00ff",
        "_opacity": 1,
        "_weight": 3
      },
      "geometry": {
        "type": "LineString",
        "coordinates": [
          [
            141.136996,
            39.162755
          ],
          [
            141.13714,
            39.161699
          ],
          [
            141.138927,
            39.161844
          ],
          [
            141.138948,
            39.16189
          ],
          [
            141.140584,
            39.161998
          ]
        ]
      }
    },
    {
      "type": "Feature",
      "properties": {
        "_markerType": "DivIcon",
        "_html": "<div style=\"font-size:11pt;font-weight:bold;background-color:#9fc5e8;\">竈</div>"
      },
      "geometry": {
        "type": "Point",
        "coordinates": [
          141.138127,
          39.163468
        ]
      }
    },
    {
      "type": "Feature",
      "properties": {
        "_color": "#ff00ff",
        "_opacity": 1,
        "_weight": 3
      },
      "geometry": {
        "type": "LineString",
        "coordinates": [
          [
            141.137486,
            39.167023
          ],
          [
            141.136423,
            39.166934
          ],
          [
            141.136593,
            39.165863
          ],
          [
            141.13314,
            39.165592
          ],
          [
            141.133143,
            39.165472
          ],
          [
            141.133108,
            39.165393
          ],
          [
            141.133065,
            39.165287
          ],
          [
            141.132952,
            39.165282
          ],
          [
            141.132904,
            39.165176
          ],
          [
            141.132872,
            39.16511
          ],
          [
            141.132679,
            39.165043
          ],
          [
            141.132486,
            39.165035
          ],
          [
            141.132003,
            39.164893
          ],
          [
            141.131831,
            39.164694
          ],
          [
            141.131409,
            39.164563
          ]
        ]
      }
    },
    {
      "type": "Feature",
      "properties": {
        "_color": "#ff00ff",
        "_opacity": 1,
        "_weight": 3
      },
      "geometry": {
        "type": "LineString",
        "coordinates": [
          [
            141.131461,
            39.164569
          ],
          [
            141.132013,
            39.164622
          ],
          [
            141.132489,
            39.164559
          ],
          [
            141.132528,
            39.16437
          ],
          [
            141.133211,
            39.164425
          ],
          [
            141.135582,
            39.164916
          ],
          [
            141.136665,
            39.164932
          ]
        ]
      }
    },
    {
      "type": "Feature",
      "properties": {
        "_color": "#ff00ff",
        "_opacity": 1,
        "_weight": 3
      },
      "geometry": {
        "type": "LineString",
        "coordinates": [
          [
            141.132522,
            39.164387
          ],
          [
            141.132957,
            39.161354
          ],
          [
            141.137131,
            39.161698
          ]
        ]
      }
    },
    {
      "type": "Feature",
      "properties": {
        "_markerType": "DivIcon",
        "_html": "<div style=\"font-size:11pt;font-weight:bold;background-color:#00ffff;\">関田</div>"
      },
      "geometry": {
        "type": "Point",
        "coordinates": [
          141.136031,
          39.164213
        ]
      }
    },
    {
      "type": "Feature",
      "properties": {
        "_markerType": "DivIcon",
        "_html": "<div style=\"font-size:11pt;font-weight:bold;background-color:#a2c4c9;\">関田</div>"
      },
      "geometry": {
        "type": "Point",
        "coordinates": [
          141.134115,
          39.163201
        ]
      }
    },
    {
      "type": "Feature",
      "properties": {
        "_color": "#ff00ff",
        "_opacity": 1,
        "_weight": 3
      },
      "geometry": {
        "type": "LineString",
        "coordinates": [
          [
            141.130049,
            39.163858
          ],
          [
            141.130157,
            39.163592
          ],
          [
            141.130264,
            39.163218
          ],
          [
            141.130328,
            39.16286
          ],
          [
            141.130371,
            39.162527
          ],
          [
            141.13035,
            39.16217
          ],
          [
            141.130307,
            39.161113
          ],
          [
            141.132925,
            39.161363
          ]
        ]
      }
    },
    {
      "type": "Feature",
      "properties": {
        "_markerType": "DivIcon",
        "_html": "<div style=\"font-size:11pt;font-weight:bold;background-color:#d0e0e3;\">西関田</div>"
      },
      "geometry": {
        "type": "Point",
        "coordinates": [
          141.131445,
          39.162403
        ]
      }
    },
    {
      "type": "Feature",
      "properties": {
        "_color": "#ff00ff",
        "_opacity": 1,
        "_weight": 3
      },
      "geometry": {
        "type": "LineString",
        "coordinates": [
          [
            141.137133,
            39.161705
          ],
          [
            141.137202,
            39.161189
          ],
          [
            141.137342,
            39.161193
          ],
          [
            141.137428,
            39.160532
          ],
          [
            141.137331,
            39.160449
          ],
          [
            141.137428,
            39.159625
          ]
        ]
      }
    },
    {
      "type": "Feature",
      "properties": {
        "_markerType": "DivIcon",
        "_html": "<div style=\"font-size:11pt;font-weight:bold;background-color:#a2c4c9;\">三千刈</div>"
      },
      "geometry": {
        "type": "Point",
        "coordinates": [
          141.13948,
          39.161025
        ]
      }
    },
    {
      "type": "Feature",
      "properties": {
        "_color": "#ff00ff",
        "_opacity": 1,
        "_weight": 3
      },
      "geometry": {
        "type": "LineString",
        "coordinates": [
          [
            141.135575,
            39.161583
          ],
          [
            141.135827,
            39.159732
          ],
          [
            141.135988,
            39.159682
          ],
          [
            141.136068,
            39.159649
          ],
          [
            141.136181,
            39.159611
          ],
          [
            141.136358,
            39.159545
          ],
          [
            141.136454,
            39.159499
          ],
          [
            141.136546,
            39.159466
          ],
          [
            141.136642,
            39.159424
          ],
          [
            141.136841,
            39.159333
          ]
        ]
      }
    },
    {
      "type": "Feature",
      "properties": {
        "_markerType": "DivIcon",
        "_html": "<div style=\"font-size:11pt;font-weight:bold;background-color:#a2c4c9;\">道本</div>"
      },
      "geometry": {
        "type": "Point",
        "coordinates": [
          141.136314,
          39.160823
        ]
      }
    },
    {
      "type": "Feature",
      "properties": {
        "_color": "#ff00ff",
        "_opacity": 1,
        "_weight": 3
      },
      "geometry": {
        "type": "LineString",
        "coordinates": [
          [
            141.134024,
            39.161457
          ],
          [
            141.134195,
            39.160284
          ],
          [
            141.134174,
            39.160118
          ],
          [
            141.134131,
            39.159959
          ],
          [
            141.134506,
            39.159951
          ],
          [
            141.134764,
            39.159951
          ],
          [
            141.135075,
            39.159926
          ],
          [
            141.135322,
            39.159876
          ],
          [
            141.135483,
            39.159835
          ],
          [
            141.135826,
            39.159735
          ]
        ]
      }
    },
    {
      "type": "Feature",
      "properties": {
        "_markerType": "DivIcon",
        "_html": "<div style=\"font-size:11pt;font-weight:bold;background-color:#a2c4c9;\">腰廻</div>"
      },
      "geometry": {
        "type": "Point",
        "coordinates": [
          141.134602,
          39.160915
        ]
      }
    },
    {
      "type": "Feature",
      "properties": {
        "_markerType": "DivIcon",
        "_html": "<div style=\"font-size:11pt;font-weight:bold;background-color:#a2c4c9;\">南松堂</div>"
      },
      "geometry": {
        "type": "Point",
        "coordinates": [
          141.132103,
          39.160741
        ]
      }
    },
    {
      "type": "Feature",
      "properties": {
        "_color": "#ff0000",
        "_opacity": 1,
        "_weight": 5
      },
      "geometry": {
        "type": "LineString",
        "coordinates": [
          [
            141.123915,
            39.161318
          ],
          [
            141.123678,
            39.161216
          ],
          [
            141.123542,
            39.161175
          ],
          [
            141.123403,
            39.161142
          ],
          [
            141.123242,
            39.16113
          ],
          [
            141.123104,
            39.161121
          ],
          [
            141.122925,
            39.161117
          ],
          [
            141.122689,
            39.161101
          ],
          [
            141.121879,
            39.161117
          ],
          [
            141.122464,
            39.161042
          ],
          [
            141.122673,
            39.16098
          ],
          [
            141.122952,
            39.160976
          ],
          [
            141.123422,
            39.160821
          ],
          [
            141.123784,
            39.160683
          ],
          [
            141.123971,
            39.160608
          ],
          [
            141.124132,
            39.160564
          ],
          [
            141.124368,
            39.160479
          ],
          [
            141.124556,
            39.160426
          ],
          [
            141.124819,
            39.160344
          ],
          [
            141.125033,
            39.160265
          ],
          [
            141.125216,
            39.160219
          ],
          [
            141.125742,
            39.160156
          ],
          [
            141.125892,
            39.160148
          ],
          [
            141.126069,
            39.160181
          ],
          [
            141.126139,
            39.160206
          ]
        ]
      }
    },
    {
      "type": "Feature",
      "properties": {
        "_color": "#ff00ff",
        "_opacity": 1,
        "_weight": 3
      },
      "geometry": {
        "type": "LineString",
        "coordinates": [
          [
            141.123877,
            39.161313
          ],
          [
            141.124064,
            39.16083
          ],
          [
            141.124638,
            39.161159
          ],
          [
            141.125996,
            39.161263
          ],
          [
            141.126119,
            39.160194
          ]
        ]
      }
    },
    {
      "type": "Feature",
      "properties": {
        "_color": "#ff00ff",
        "_opacity": 1,
        "_weight": 3
      },
      "geometry": {
        "type": "LineString",
        "coordinates": [
          [
            141.128129,
            39.160077
          ],
          [
            141.128435,
            39.160098
          ],
          [
            141.128987,
            39.16004
          ],
          [
            141.129588,
            39.15999
          ],
          [
            141.130261,
            39.159931
          ],
          [
            141.130265,
            39.159998
          ]
        ]
      }
    },
    {
      "type": "Feature",
      "properties": {
        "_markerType": "DivIcon",
        "_html": "<div style=\"font-size:11pt;font-weight:bold;background-color:#a2c4c9;\">松堂</div>"
      },
      "geometry": {
        "type": "Point",
        "coordinates": [
          141.128548,
          39.161322
        ]
      }
    },
    {
      "type": "Feature",
      "properties": {
        "_color": "#ff00ff",
        "_opacity": 1,
        "_weight": 3
      },
      "geometry": {
        "type": "LineString",
        "coordinates": [
          [
            141.144313,
            39.155498
          ],
          [
            141.144104,
            39.155577
          ],
          [
            141.143691,
            39.155714
          ],
          [
            141.143594,
            39.155714
          ],
          [
            141.143476,
            39.155722
          ],
          [
            141.143315,
            39.155826
          ],
          [
            141.143278,
            39.155664
          ],
          [
            141.143369,
            39.155631
          ],
          [
            141.143208,
            39.155248
          ]
        ]
      }
    },
    {
      "type": "Feature",
      "properties": {
        "_markerType": "DivIcon",
        "_html": "<div style=\"font-size:11pt;font-weight:bold;background-color:#ead1dc;\">嶋舘</div>"
      },
      "geometry": {
        "type": "Point",
        "coordinates": [
          141.146767,
          39.155469
        ]
      }
    },
    {
      "type": "Feature",
      "properties": {
        "_markerType": "DivIcon",
        "_html": "<div style=\"font-size:11pt;font-weight:bold;background-color:#a2c4c9;\">関谷</div>"
      },
      "geometry": {
        "type": "Point",
        "coordinates": [
          141.143757,
          39.155444
        ]
      }
    },
    {
      "type": "Feature",
      "properties": {
        "_markerType": "DivIcon",
        "_html": "<div style=\"font-size:11pt;font-weight:bold;background-color:#ead1dc;\">関谷</div>"
      },
      "geometry": {
        "type": "Point",
        "coordinates": [
          141.144352,
          39.156531
        ]
      }
    },
    {
      "type": "Feature",
      "properties": {
        "_color": "#ff00ff",
        "_opacity": 1,
        "_weight": 3
      },
      "geometry": {
        "type": "LineString",
        "coordinates": [
          [
            141.144934,
            39.156188
          ],
          [
            141.144893,
            39.156067
          ],
          [
            141.144903,
            39.156001
          ],
          [
            141.144941,
            39.155943
          ],
          [
            141.144957,
            39.155893
          ],
          [
            141.144984,
            39.155839
          ],
          [
            141.145,
            39.155814
          ],
          [
            141.144898,
            39.155756
          ],
          [
            141.144817,
            39.155693
          ],
          [
            141.14464,
            39.155573
          ],
          [
            141.144559,
            39.155515
          ],
          [
            141.14449,
            39.155452
          ],
          [
            141.144367,
            39.155381
          ]
        ]
      }
    },
    {
      "type": "Feature",
      "properties": {
        "_markerType": "DivIcon",
        "_html": "<div style=\"font-size:11pt;background-color:#d5a6bd;\">道下</div>"
      },
      "geometry": {
        "type": "Point",
        "coordinates": [
          141.145397,
          39.156785
        ]
      }
    },
    {
      "type": "Feature",
      "properties": {
        "_color": "#ff00ff",
        "_opacity": 1,
        "_weight": 3
      },
      "geometry": {
        "type": "LineString",
        "coordinates": [
          [
            141.144065,
            39.155041
          ],
          [
            141.143814,
            39.154724
          ],
          [
            141.143664,
            39.154474
          ],
          [
            141.143557,
            39.154291
          ],
          [
            141.143492,
            39.154175
          ],
          [
            141.142784,
            39.154374
          ]
        ]
      }
    },
    {
      "type": "Feature",
      "properties": {
        "_color": "#ff00ff",
        "_opacity": 1,
        "_weight": 3
      },
      "geometry": {
        "type": "LineString",
        "coordinates": [
          [
            141.138074,
            39.155298
          ],
          [
            141.138455,
            39.155506
          ]
        ]
      }
    },
    {
      "type": "Feature",
      "properties": {
        "_markerType": "DivIcon",
        "_html": "<div style=\"font-size:11pt;font-weight:bold;background-color:#a2c4c9;\">竈石</div>"
      },
      "geometry": {
        "type": "Point",
        "coordinates": [
          141.140923,
          39.155606
        ]
      }
    },
    {
      "type": "Feature",
      "properties": {
        "_color": "#ff00ff",
        "_opacity": 1,
        "_weight": 3
      },
      "geometry": {
        "type": "LineString",
        "coordinates": [
          [
            141.142683,
            39.156658
          ],
          [
            141.142613,
            39.156416
          ],
          [
            141.141825,
            39.156342
          ],
          [
            141.141599,
            39.156337
          ],
          [
            141.14154,
            39.156358
          ],
          [
            141.141267,
            39.15635
          ],
          [
            141.141095,
            39.156358
          ],
          [
            141.141036,
            39.156329
          ],
          [
            141.140934,
            39.156246
          ],
          [
            141.140811,
            39.156329
          ],
          [
            141.140741,
            39.156254
          ],
          [
            141.140623,
            39.156134
          ],
          [
            141.140542,
            39.156063
          ],
          [
            141.140488,
            39.15598
          ],
          [
            141.139796,
            39.156259
          ],
          [
            141.139823,
            39.156296
          ],
          [
            141.139442,
            39.156425
          ],
          [
            141.139147,
            39.156625
          ],
          [
            141.138965,
            39.15675
          ],
          [
            141.138923,
            39.156693
          ],
          [
            141.138697,
            39.156809
          ],
          [
            141.138085,
            39.155294
          ]
        ]
      }
    },
    {
      "type": "Feature",
      "properties": {
        "_color": "#ff00ff",
        "_opacity": 1,
        "_weight": 3
      },
      "geometry": {
        "type": "LineString",
        "coordinates": [
          [
            141.137047,
            39.158811
          ],
          [
            141.136285,
            39.158824
          ],
          [
            141.136262,
            39.157541
          ],
          [
            141.136192,
            39.157348
          ],
          [
            141.136397,
            39.1573
          ],
          [
            141.136675,
            39.157155
          ],
          [
            141.136922,
            39.157146
          ],
          [
            141.137142,
            39.157063
          ],
          [
            141.137491,
            39.157038
          ],
          [
            141.137807,
            39.156926
          ],
          [
            141.137952,
            39.156863
          ],
          [
            141.138167,
            39.156897
          ],
          [
            141.138372,
            39.156927
          ],
          [
            141.13845,
            39.156925
          ],
          [
            141.138566,
            39.156899
          ],
          [
            141.138703,
            39.156801
          ]
        ]
      }
    },
    {
      "type": "Feature",
      "properties": {
        "_markerType": "DivIcon",
        "_html": "<div style=\"font-size:11pt;font-weight:bold;background-color:#9fc5e8;\">南久田</div>"
      },
      "geometry": {
        "type": "Point",
        "coordinates": [
          141.137608,
          39.157837
        ]
      }
    },
    {
      "type": "Feature",
      "properties": {
        "_color": "#ff00ff",
        "_opacity": 1,
        "_weight": 3
      },
      "geometry": {
        "type": "LineString",
        "coordinates": [
          [
            141.130301,
            39.161116
          ],
          [
            141.130269,
            39.159993
          ],
          [
            141.131781,
            39.159976
          ],
          [
            141.133128,
            39.159966
          ],
          [
            141.134116,
            39.159965
          ]
        ]
      }
    },
    {
      "type": "Feature",
      "properties": {
        "_color": "#ff00ff",
        "_opacity": 1,
        "_weight": 3
      },
      "geometry": {
        "type": "LineString",
        "coordinates": [
          [
            141.134062,
            39.159969
          ],
          [
            141.134228,
            39.159869
          ],
          [
            141.134223,
            39.159728
          ],
          [
            141.133847,
            39.159732
          ],
          [
            141.133853,
            39.159703
          ],
          [
            141.134056,
            39.159711
          ],
          [
            141.134067,
            39.159503
          ],
          [
            141.133842,
            39.159512
          ],
          [
            141.133842,
            39.159478
          ],
          [
            141.133965,
            39.159483
          ],
          [
            141.133976,
            39.15937
          ],
          [
            141.133815,
            39.15937
          ],
          [
            141.13382,
            39.159337
          ],
          [
            141.13411,
            39.159333
          ],
          [
            141.134089,
            39.159162
          ],
          [
            141.133804,
            39.159129
          ],
          [
            141.133803,
            39.158845
          ],
          [
            141.133808,
            39.157739
          ],
          [
            141.133803,
            39.157273
          ],
          [
            141.134162,
            39.157431
          ],
          [
            141.134264,
            39.157448
          ],
          [
            141.134323,
            39.157556
          ],
          [
            141.134521,
            39.15756
          ],
          [
            141.134698,
            39.157535
          ],
          [
            141.134768,
            39.157481
          ],
          [
            141.135015,
            39.157418
          ],
          [
            141.135181,
            39.157402
          ],
          [
            141.135262,
            39.157389
          ],
          [
            141.135514,
            39.157394
          ],
          [
            141.135669,
            39.157406
          ],
          [
            141.135846,
            39.157394
          ],
          [
            141.136029,
            39.157381
          ],
          [
            141.136184,
            39.157356
          ]
        ]
      }
    },
    {
      "type": "Feature",
      "properties": {
        "_markerType": "DivIcon",
        "_html": "<div style=\"font-size:11pt;font-weight:bold;background-color:#a2c4c9;\">東幅</div>"
      },
      "geometry": {
        "type": "Point",
        "coordinates": [
          141.135083,
          39.158954
        ]
      }
    },
    {
      "type": "Feature",
      "properties": {
        "_color": "#ff00ff",
        "_opacity": 1,
        "_weight": 3
      },
      "geometry": {
        "type": "LineString",
        "coordinates": [
          [
            141.133806,
            39.157302
          ],
          [
            141.133505,
            39.15721
          ],
          [
            141.132647,
            39.157859
          ],
          [
            141.132282,
            39.158042
          ],
          [
            141.132067,
            39.158042
          ],
          [
            141.131306,
            39.15835
          ],
          [
            141.13063,
            39.158575
          ],
          [
            141.130404,
            39.158575
          ],
          [
            141.130673,
            39.158275
          ],
          [
            141.130984,
            39.157968
          ],
          [
            141.13137,
            39.157585
          ],
          [
            141.132025,
            39.157086
          ],
          [
            141.13358,
            39.156703
          ]
        ]
      }
    },
    {
      "type": "Feature",
      "properties": {
        "_markerType": "DivIcon",
        "_html": "<div style=\"font-size:11pt;font-weight:bold;background-color:#a2c4c9;\">欠ノ下</div>"
      },
      "geometry": {
        "type": "Point",
        "coordinates": [
          141.135297,
          39.156953
        ]
      }
    },
    {
      "type": "Feature",
      "properties": {
        "_color": "#ff00ff",
        "_opacity": 1,
        "_weight": 3
      },
      "geometry": {
        "type": "LineString",
        "coordinates": [
          [
            141.130232,
            39.159935
          ],
          [
            141.130168,
            39.159574
          ],
          [
            141.130152,
            39.159349
          ],
          [
            141.130157,
            39.159162
          ],
          [
            141.1302,
            39.159
          ],
          [
            141.130264,
            39.158821
          ],
          [
            141.130329,
            39.158667
          ],
          [
            141.130382,
            39.158567
          ]
        ]
      }
    },
    {
      "type": "Feature",
      "properties": {
        "_markerType": "DivIcon",
        "_html": "<div style=\"font-size:11pt;font-weight:bold;background-color:#a2c4c9;\">西幅</div>"
      },
      "geometry": {
        "type": "Point",
        "coordinates": [
          141.13167,
          39.159291
        ]
      }
    },
    {
      "type": "Feature",
      "properties": {
        "_color": "#ff00ff",
        "_opacity": 1,
        "_weight": 3
      },
      "geometry": {
        "type": "LineString",
        "coordinates": [
          [
            141.125951,
            39.160146
          ],
          [
            141.125981,
            39.15988
          ],
          [
            141.126021,
            39.159732
          ],
          [
            141.126049,
            39.159574
          ],
          [
            141.126053,
            39.159416
          ],
          [
            141.126061,
            39.159296
          ],
          [
            141.126069,
            39.159176
          ],
          [
            141.126094,
            39.159009
          ],
          [
            141.126118,
            39.158842
          ],
          [
            141.126145,
            39.158647
          ],
          [
            141.126166,
            39.158497
          ],
          [
            141.126177,
            39.158329
          ],
          [
            141.126422,
            39.158342
          ],
          [
            141.126579,
            39.158359
          ],
          [
            141.126813,
            39.158249
          ],
          [
            141.126937,
            39.158204
          ],
          [
            141.127073,
            39.158185
          ],
          [
            141.127287,
            39.15821
          ],
          [
            141.127424,
            39.158193
          ]
        ]
      }
    },
    {
      "type": "Feature",
      "properties": {
        "_color": "#ff00ff",
        "_opacity": 1,
        "_weight": 3
      },
      "geometry": {
        "type": "LineString",
        "coordinates": [
          [
            141.128129,
            39.15856
          ],
          [
            141.128135,
            39.158514
          ],
          [
            141.128258,
            39.158539
          ],
          [
            141.128285,
            39.158605
          ],
          [
            141.12843,
            39.158555
          ],
          [
            141.128988,
            39.158626
          ],
          [
            141.129234,
            39.158709
          ],
          [
            141.129385,
            39.158709
          ],
          [
            141.129642,
            39.158726
          ],
          [
            141.129867,
            39.158743
          ],
          [
            141.129959,
            39.158684
          ],
          [
            141.130366,
            39.158593
          ]
        ]
      }
    },
    {
      "type": "Feature",
      "properties": {
        "_color": "#ff00ff",
        "_opacity": 1,
        "_weight": 3
      },
      "geometry": {
        "type": "LineString",
        "coordinates": [
          [
            141.138058,
            39.155298
          ],
          [
            141.136856,
            39.154483
          ],
          [
            141.13588,
            39.153975
          ],
          [
            141.135086,
            39.153667
          ],
          [
            141.134818,
            39.154175
          ],
          [
            141.134571,
            39.154657
          ],
          [
            141.134367,
            39.154949
          ],
          [
            141.133938,
            39.155306
          ],
          [
            141.13368,
            39.155531
          ],
          [
            141.133294,
            39.15588
          ],
          [
            141.132962,
            39.15618
          ],
          [
            141.132543,
            39.156554
          ],
          [
            141.132264,
            39.156804
          ],
          [
            141.131996,
            39.157095
          ]
        ]
      }
    },
    {
      "type": "Feature",
      "properties": {
        "_markerType": "DivIcon",
        "_html": "　"
      },
      "geometry": {
        "type": "Point",
        "coordinates": [
          141.135118,
          39.155481
        ]
      }
    },
    {
      "type": "Feature",
      "properties": {
        "_markerType": "DivIcon",
        "_html": "<div style=\"font-size:11pt;font-weight:bold;background-color:#a2c4c9;\">中城</div>"
      },
      "geometry": {
        "type": "Point",
        "coordinates": [
          141.133072,
          39.156558
        ]
      }
    },
    {
      "type": "Feature",
      "properties": {
        "_markerType": "DivIcon",
        "_html": "<div style=\"font-size:11pt;font-weight:bold;color:#ffffff;background-color:#000000;\">中城</div>"
      },
      "geometry": {
        "type": "Point",
        "coordinates": [
          141.135615,
          39.155471
        ]
      }
    },
    {
      "type": "Feature",
      "properties": {
        "_color": "#ff00ff",
        "_opacity": 1,
        "_weight": 3
      },
      "geometry": {
        "type": "LineString",
        "coordinates": [
          [
            141.130279,
            39.157469
          ],
          [
            141.131588,
            39.157419
          ]
        ]
      }
    },
    {
      "type": "Feature",
      "properties": {
        "_markerType": "DivIcon",
        "_html": "<div style=\"font-size:11pt;font-weight:bold;background-color:#a2c4c9;\">里鎗</div>"
      },
      "geometry": {
        "type": "Point",
        "coordinates": [
          141.131406,
          39.15633
        ]
      }
    },
    {
      "type": "Feature",
      "properties": {
        "_markerType": "DivIcon",
        "_html": "<div style=\"font-size:11pt;font-weight:bold;background-color:#a2c4c9;\">梨ノ木町</div>"
      },
      "geometry": {
        "type": "Point",
        "coordinates": [
          141.132741,
          39.165034
        ]
      }
    },
    {
      "type": "Feature",
      "properties": {
        "_markerType": "DivIcon",
        "_html": "<div style=\"font-size:11pt;font-weight:bold;color:#ffffff;background-color:#000000;\">栗ノ木町</div>"
      },
      "geometry": {
        "type": "Point",
        "coordinates": [
          141.126411,
          39.159287
        ]
      }
    },
    {
      "type": "Feature",
      "properties": {
        "_markerType": "DivIcon",
        "_html": "<div style=\"font-size:11pt;font-weight:bold;background-color:#a2c4c9;\">栗ノ木町</div>"
      },
      "geometry": {
        "type": "Point",
        "coordinates": [
          141.128492,
          39.159427
        ]
      }
    },
    {
      "type": "Feature",
      "properties": {
        "_markerType": "DivIcon",
        "_html": "<div style=\"font-size:11pt;font-weight:bold;background-color:#a2c4c9;\">久田</div>"
      },
      "geometry": {
        "type": "Point",
        "coordinates": [
          141.138074,
          39.159257
        ]
      }
    },
    {
      "type": "Feature",
      "properties": {
        "_color": "#ff00ff",
        "_opacity": 1,
        "_weight": 3
      },
      "geometry": {
        "type": "LineString",
        "coordinates": [
          [
            141.126185,
            39.158328
          ],
          [
            141.125842,
            39.158182
          ],
          [
            141.125836,
            39.15748
          ],
          [
            141.127394,
            39.157466
          ]
        ]
      }
    },
    {
      "type": "Feature",
      "properties": {
        "_markerType": "DivIcon",
        "_html": "<div style=\"font-size:11pt;font-weight:bold;background-color:#a2c4c9;\">幅下</div>"
      },
      "geometry": {
        "type": "Point",
        "coordinates": [
          141.128908,
          39.158004
        ]
      }
    },
    {
      "type": "Feature",
      "properties": {
        "_markerType": "DivIcon",
        "_html": "<div style=\"font-size:11pt;font-weight:bold;color:#ffffff;background-color:#000000;\">幅下</div>"
      },
      "geometry": {
        "type": "Point",
        "coordinates": [
          141.126482,
          39.157919
        ]
      }
    },
    {
      "type": "Feature",
      "properties": {
        "_color": "#ff00ff",
        "_opacity": 1,
        "_weight": 3
      },
      "geometry": {
        "type": "LineString",
        "coordinates": [
          [
            141.143525,
            39.165389
          ],
          [
            141.14361,
            39.165472
          ],
          [
            141.14375,
            39.167136
          ],
          [
            141.143601,
            39.167535
          ],
          [
            141.14388,
            39.167552
          ],
          [
            141.144545,
            39.167535
          ],
          [
            141.145779,
            39.167518
          ],
          [
            141.146315,
            39.167527
          ],
          [
            141.14653,
            39.167535
          ],
          [
            141.146841,
            39.167552
          ],
          [
            141.146873,
            39.167385
          ],
          [
            141.14682,
            39.167302
          ],
          [
            141.147656,
            39.166246
          ]
        ]
      }
    },
    {
      "type": "Feature",
      "properties": {
        "_color": "#ff00ff",
        "_opacity": 1,
        "_weight": 3
      },
      "geometry": {
        "type": "LineString",
        "coordinates": [
          [
            141.143579,
            39.167543
          ],
          [
            141.143155,
            39.167489
          ],
          [
            141.14264,
            39.167394
          ],
          [
            141.142495,
            39.167801
          ],
          [
            141.142806,
            39.167859
          ],
          [
            141.142774,
            39.167938
          ],
          [
            141.142462,
            39.167872
          ],
          [
            141.142366,
            39.168096
          ],
          [
            141.142629,
            39.167976
          ],
          [
            141.142827,
            39.168055
          ],
          [
            141.142581,
            39.168308
          ],
          [
            141.142119,
            39.168774
          ],
          [
            141.14184,
            39.169581
          ],
          [
            141.142055,
            39.169544
          ],
          [
            141.142092,
            39.169465
          ],
          [
            141.142237,
            39.169481
          ],
          [
            141.142441,
            39.169481
          ],
          [
            141.142666,
            39.169502
          ],
          [
            141.142886,
            39.169519
          ],
          [
            141.143112,
            39.169519
          ],
          [
            141.143788,
            39.16956
          ],
          [
            141.143852,
            39.169398
          ],
          [
            141.14404,
            39.169373
          ],
          [
            141.144201,
            39.16949
          ],
          [
            141.144227,
            39.169602
          ],
          [
            141.144201,
            39.169681
          ],
          [
            141.144361,
            39.169793
          ],
          [
            141.144603,
            39.169851
          ],
          [
            141.144721,
            39.169814
          ],
          [
            141.144823,
            39.169739
          ],
          [
            141.144994,
            39.169614
          ],
          [
            141.145086,
            39.169589
          ],
          [
            141.145182,
            39.169527
          ],
          [
            141.145257,
            39.169481
          ],
          [
            141.14537,
            39.169382
          ],
          [
            141.145493,
            39.169278
          ],
          [
            141.145579,
            39.169178
          ],
          [
            141.145767,
            39.168982
          ],
          [
            141.145923,
            39.168936
          ],
          [
            141.146051,
            39.16845
          ],
          [
            141.146834,
            39.167552
          ]
        ]
      }
    },
    {
      "type": "Feature",
      "properties": {
        "_color": "#ff00ff",
        "_opacity": 1,
        "_weight": 3
      },
      "geometry": {
        "type": "LineString",
        "coordinates": [
          [
            141.142623,
            39.167435
          ],
          [
            141.142441,
            39.167414
          ],
          [
            141.142119,
            39.167373
          ],
          [
            141.141942,
            39.167348
          ],
          [
            141.141749,
            39.167319
          ],
          [
            141.14154,
            39.167248
          ],
          [
            141.141384,
            39.167219
          ],
          [
            141.141331,
            39.167206
          ],
          [
            141.141229,
            39.167227
          ],
          [
            141.1411,
            39.167269
          ],
          [
            141.141089,
            39.167194
          ]
        ]
      }
    },
    {
      "type": "Feature",
      "properties": {
        "_color": "#ff00ff",
        "_opacity": 1,
        "_weight": 3
      },
      "geometry": {
        "type": "LineString",
        "coordinates": [
          [
            141.141106,
            39.167266
          ],
          [
            141.140996,
            39.167296
          ],
          [
            141.140851,
            39.1673
          ],
          [
            141.140401,
            39.167254
          ],
          [
            141.139982,
            39.167217
          ],
          [
            141.139752,
            39.167213
          ],
          [
            141.139542,
            39.167175
          ],
          [
            141.139312,
            39.167175
          ],
          [
            141.138856,
            39.167125
          ],
          [
            141.138201,
            39.167071
          ],
          [
            141.137971,
            39.167055
          ],
          [
            141.137499,
            39.167042
          ],
          [
            141.138316,
            39.165727
          ],
          [
            141.13767,
            39.165703
          ],
          [
            141.137595,
            39.16604
          ],
          [
            141.137069,
            39.166077
          ],
          [
            141.13715,
            39.165574
          ],
          [
            141.138394,
            39.16562
          ],
          [
            141.138797,
            39.16495
          ],
          [
            141.141384,
            39.165034
          ]
        ]
      }
    },
    {
      "type": "Feature",
      "properties": {
        "_color": "#ff00ff",
        "_opacity": 1,
        "_weight": 3
      },
      "geometry": {
        "type": "LineString",
        "coordinates": [
          [
            141.141077,
            39.167204
          ],
          [
            141.14113,
            39.166972
          ],
          [
            141.141211,
            39.166302
          ],
          [
            141.14127,
            39.165919
          ],
          [
            141.140937,
            39.165998
          ],
          [
            141.140825,
            39.16579
          ],
          [
            141.141307,
            39.16567
          ],
          [
            141.141406,
            39.165044
          ],
          [
            141.143625,
            39.165096
          ]
        ]
      }
    },
    {
      "type": "Feature",
      "properties": {
        "_color": "#ff00ff",
        "_opacity": 1,
        "_weight": 3
      },
      "geometry": {
        "type": "LineString",
        "coordinates": [
          [
            141.154822,
            39.159245
          ],
          [
            141.155369,
            39.159212
          ],
          [
            141.155359,
            39.15875
          ],
          [
            141.154806,
            39.158759
          ],
          [
            141.154817,
            39.159247
          ]
        ]
      }
    },
    {
      "type": "Feature",
      "properties": {
        "_color": "#ff00ff",
        "_opacity": 1,
        "_weight": 3
      },
      "geometry": {
        "type": "LineString",
        "coordinates": [
          [
            141.157408,
            39.159595
          ],
          [
            141.157483,
            39.159441
          ],
          [
            141.157515,
            39.159237
          ],
          [
            141.157215,
            39.159254
          ],
          [
            141.15707,
            39.15925
          ],
          [
            141.156914,
            39.159208
          ],
          [
            141.15693,
            39.159383
          ],
          [
            141.157408,
            39.15962
          ]
        ]
      }
    },
    {
      "type": "Feature",
      "properties": {
        "_color": "#ff00ff",
        "_opacity": 1,
        "_weight": 3
      },
      "geometry": {
        "type": "LineString",
        "coordinates": [
          [
            141.154768,
            39.160069
          ],
          [
            141.155208,
            39.160123
          ],
          [
            141.15523,
            39.160086
          ],
          [
            141.155415,
            39.160073
          ],
          [
            141.155394,
            39.159741
          ],
          [
            141.15582,
            39.159717
          ],
          [
            141.155788,
            39.159219
          ],
          [
            141.155106,
            39.159255
          ],
          [
            141.155123,
            39.159528
          ],
          [
            141.155053,
            39.159628
          ],
          [
            141.154908,
            39.159628
          ],
          [
            141.154772,
            39.159716
          ],
          [
            141.154788,
            39.160071
          ]
        ]
      }
    },
    {
      "type": "Feature",
      "properties": {
        "_color": "#ff00ff",
        "_opacity": 1,
        "_weight": 3
      },
      "geometry": {
        "type": "LineString",
        "coordinates": [
          [
            141.154945,
            39.158538
          ],
          [
            141.155257,
            39.158526
          ],
          [
            141.155283,
            39.158597
          ],
          [
            141.155514,
            39.158584
          ],
          [
            141.155498,
            39.15816
          ],
          [
            141.154903,
            39.158189
          ],
          [
            141.154935,
            39.158576
          ]
        ]
      }
    },
    {
      "type": "Feature",
      "properties": {
        "_markerType": "DivIcon",
        "_html": "<div style=\"font-size:11pt;font-weight:bold;background-color:#00ff00;\">水工-3</div>"
      },
      "geometry": {
        "type": "Point",
        "coordinates": [
          141.157036,
          39.165884
        ]
      }
    },
    {
      "type": "Feature",
      "properties": {
        "_markerType": "DivIcon",
        "_html": "<div style=\"font-size:11pt;font-weight:bold;background-color:#00ff00;\">水工-4</div>"
      },
      "geometry": {
        "type": "Point",
        "coordinates": [
          141.156573,
          39.163914
        ]
      }
    },
    {
      "type": "Feature",
      "properties": {
        "_markerType": "DivIcon",
        "_html": "<div style=\"font-size:11pt;font-weight:bold;background-color:#00ff00;\">仙人</div>"
      },
      "geometry": {
        "type": "Point",
        "coordinates": [
          141.154468,
          39.161364
        ]
      }
    },
    {
      "type": "Feature",
      "properties": {
        "_markerType": "DivIcon",
        "_html": "<div style=\"font-size:11pt;font-weight:bold;background-color:#00ff00;\">沢田</div>"
      },
      "geometry": {
        "type": "Point",
        "coordinates": [
          141.157939,
          39.161059
        ]
      }
    },
    {
      "type": "Feature",
      "properties": {
        "_markerType": "DivIcon",
        "_html": "<div style=\"font-size:11pt;font-weight:bold;background-color:#00ff00;\">鍛冶屋</div>"
      },
      "geometry": {
        "type": "Point",
        "coordinates": [
          141.158934,
          39.158161
        ]
      }
    },
    {
      "type": "Feature",
      "properties": {
        "_markerType": "DivIcon",
        "_html": "<div style=\"font-size:11pt;font-weight:bold;background-color:#00ff00;\">南桜沢</div>"
      },
      "geometry": {
        "type": "Point",
        "coordinates": [
          141.152878,
          39.159645
        ]
      }
    },
    {
      "type": "Feature",
      "properties": {
        "_markerType": "DivIcon",
        "_html": "<div style=\"font-size:11pt;font-weight:bold;background-color:#00ff00;\">根岸</div>"
      },
      "geometry": {
        "type": "Point",
        "coordinates": [
          141.151286,
          39.162189
        ]
      }
    },
    {
      "type": "Feature",
      "properties": {
        "_markerType": "DivIcon",
        "_html": "<div style=\"font-size:11pt;font-weight:bold;background-color:#00ff00;\">佐野原</div>"
      },
      "geometry": {
        "type": "Point",
        "coordinates": [
          141.149592,
          39.158415
        ]
      }
    },
    {
      "type": "Feature",
      "properties": {
        "_markerType": "DivIcon",
        "_html": "<div style=\"font-size:11pt;font-weight:bold;background-color:#00ff00;\">東舘</div>"
      },
      "geometry": {
        "type": "Point",
        "coordinates": [
          141.148856,
          39.164445
        ]
      }
    },
    {
      "type": "Feature",
      "properties": {
        "_markerType": "DivIcon",
        "_html": "<div style=\"font-size:11pt;font-weight:bold;background-color:#00ff00;\">瓦ケ田</div>"
      },
      "geometry": {
        "type": "Point",
        "coordinates": [
          141.149031,
          39.1609
        ]
      }
    },
    {
      "type": "Feature",
      "properties": {
        "_markerType": "DivIcon",
        "_html": "<div style=\"font-size:11pt;font-weight:bold;background-color:#00ff00;\">車堂・車</div>"
      },
      "geometry": {
        "type": "Point",
        "coordinates": [
          141.14558,
          39.160024
        ]
      }
    },
    {
      "type": "Feature",
      "properties": {
        "_markerType": "DivIcon",
        "_html": "<div style=\"font-size:11pt;font-weight:bold;background-color:#00ff00;\">元宿</div>"
      },
      "geometry": {
        "type": "Point",
        "coordinates": [
          141.143012,
          39.157567
        ]
      }
    },
    {
      "type": "Feature",
      "properties": {
        "_markerType": "DivIcon",
        "_html": "<div style=\"font-size:11pt;font-weight:bold;background-color:#00ff00;\">東小深田</div>"
      },
      "geometry": {
        "type": "Point",
        "coordinates": [
          141.15202,
          39.157638
        ]
      }
    },
    {
      "type": "Feature",
      "properties": {
        "_markerType": "DivIcon",
        "_html": "<div style=\"font-size:11pt;font-weight:bold;background-color:#00ff00;\">天井町</div>"
      },
      "geometry": {
        "type": "Point",
        "coordinates": [
          141.146276,
          39.161858
        ]
      }
    },
    {
      "type": "Feature",
      "properties": {
        "_color": "#ff00ff",
        "_opacity": 1,
        "_weight": 3
      },
      "geometry": {
        "type": "LineString",
        "coordinates": [
          [
            141.160256,
            39.15531
          ],
          [
            141.160179,
            39.157371
          ]
        ]
      }
    },
    {
      "type": "Feature",
      "properties": {
        "_color": "#ff0000",
        "_opacity": 1,
        "_weight": 5
      },
      "geometry": {
        "type": "LineString",
        "coordinates": [
          [
            141.152557,
            39.167419
          ],
          [
            141.152626,
            39.167564
          ],
          [
            141.152835,
            39.168168
          ]
        ]
      }
    },
    {
      "type": "Feature",
      "properties": {
        "_color": "#ff00ff",
        "_opacity": 1,
        "_weight": 3
      },
      "geometry": {
        "type": "LineString",
        "coordinates": [
          [
            141.147914,
            39.165817
          ],
          [
            141.147828,
            39.165618
          ],
          [
            141.147624,
            39.165472
          ],
          [
            141.146938,
            39.16432
          ],
          [
            141.146648,
            39.16417
          ],
          [
            141.146884,
            39.163979
          ],
          [
            141.146514,
            39.163879
          ],
          [
            141.146482,
            39.163837
          ],
          [
            141.147543,
            39.163297
          ],
          [
            141.148937,
            39.162577
          ],
          [
            141.149844,
            39.162136
          ],
          [
            141.150118,
            39.161953
          ]
        ]
      }
    },
    {
      "type": "Feature",
      "properties": {
        "_color": "#ff00ff",
        "_opacity": 1,
        "_weight": 3
      },
      "geometry": {
        "type": "LineString",
        "coordinates": [
          [
            141.146481,
            39.163842
          ],
          [
            141.14619,
            39.163981
          ],
          [
            141.14463,
            39.164404
          ]
        ]
      }
    },
    {
      "type": "Feature",
      "properties": {
        "_color": "#ff00ff",
        "_opacity": 1,
        "_weight": 3
      },
      "geometry": {
        "type": "LineString",
        "coordinates": [
          [
            141.14757,
            39.163287
          ],
          [
            141.147709,
            39.162126
          ],
          [
            141.147838,
            39.16213
          ],
          [
            141.147838,
            39.162184
          ],
          [
            141.148053,
            39.162205
          ],
          [
            141.148101,
            39.162251
          ],
          [
            141.148182,
            39.162276
          ],
          [
            141.148235,
            39.162317
          ],
          [
            141.148595,
            39.16233
          ],
          [
            141.148584,
            39.16201
          ],
          [
            141.148552,
            39.161627
          ],
          [
            141.14831,
            39.161644
          ],
          [
            141.1483,
            39.161727
          ],
          [
            141.148053,
            39.161735
          ],
          [
            141.148053,
            39.161785
          ],
          [
            141.148117,
            39.161793
          ],
          [
            141.148101,
            39.161893
          ],
          [
            141.14816,
            39.161897
          ],
          [
            141.148123,
            39.162055
          ],
          [
            141.147742,
            39.161951
          ],
          [
            141.147934,
            39.160593
          ],
          [
            141.147919,
            39.16051
          ],
          [
            141.147854,
            39.160464
          ],
          [
            141.14779,
            39.160389
          ],
          [
            141.14772,
            39.160323
          ],
          [
            141.147672,
            39.160269
          ],
          [
            141.147624,
            39.16021
          ],
          [
            141.147516,
            39.160061
          ],
          [
            141.147404,
            39.159894
          ],
          [
            141.147301,
            39.159699
          ],
          [
            141.147285,
            39.15967
          ],
          [
            141.147265,
            39.159641
          ],
          [
            141.147237,
            39.159557
          ],
          [
            141.1472,
            39.159391
          ],
          [
            141.147189,
            39.15915
          ]
        ]
      }
    },
    {
      "type": "Feature",
      "properties": {
        "_color": "#ff00ff",
        "_opacity": 1,
        "_weight": 3
      },
      "geometry": {
        "type": "LineString",
        "coordinates": [
          [
            141.146244,
            39.163957
          ],
          [
            141.146363,
            39.163105
          ],
          [
            141.146557,
            39.163122
          ],
          [
            141.145738,
            39.162006
          ],
          [
            141.145508,
            39.161555
          ],
          [
            141.145077,
            39.161517
          ],
          [
            141.145581,
            39.160926
          ],
          [
            141.146475,
            39.160464
          ],
          [
            141.146851,
            39.160489
          ],
          [
            141.147076,
            39.160564
          ],
          [
            141.147891,
            39.160614
          ]
        ]
      }
    },
    {
      "type": "Feature",
      "properties": {
        "_color": "#ff00ff",
        "_opacity": 1,
        "_weight": 3
      },
      "geometry": {
        "type": "LineString",
        "coordinates": [
          [
            141.144903,
            39.158102
          ],
          [
            141.14448,
            39.158056
          ],
          [
            141.144361,
            39.157927
          ],
          [
            141.144195,
            39.15791
          ],
          [
            141.143975,
            39.157835
          ],
          [
            141.143761,
            39.15781
          ],
          [
            141.143551,
            39.157794
          ],
          [
            141.143337,
            39.157806
          ],
          [
            141.143251,
            39.157823
          ],
          [
            141.143155,
            39.157827
          ],
          [
            141.14246,
            39.159035
          ]
        ]
      }
    },
    {
      "type": "Feature",
      "properties": {
        "_color": "#ff00ff",
        "_opacity": 1,
        "_weight": 3
      },
      "geometry": {
        "type": "LineString",
        "coordinates": [
          [
            141.142946,
            39.158186
          ],
          [
            141.142147,
            39.158125
          ],
          [
            141.142174,
            39.157939
          ],
          [
            141.14123,
            39.157854
          ]
        ]
      }
    },
    {
      "type": "Feature",
      "properties": {
        "_color": "#ff00ff",
        "_opacity": 1,
        "_weight": 3
      },
      "geometry": {
        "type": "LineString",
        "coordinates": [
          [
            141.155351,
            39.167677
          ],
          [
            141.154386,
            39.165598
          ],
          [
            141.15304,
            39.16311
          ]
        ]
      }
    },
    {
      "type": "Feature",
      "properties": {
        "_color": "#ff00ff",
        "_opacity": 1,
        "_weight": 3
      },
      "geometry": {
        "type": "LineString",
        "coordinates": [
          [
            141.154366,
            39.165576
          ],
          [
            141.151877,
            39.16625
          ]
        ]
      }
    },
    {
      "type": "Feature",
      "properties": {
        "_color": "#ff00ff",
        "_opacity": 1,
        "_weight": 3
      },
      "geometry": {
        "type": "LineString",
        "coordinates": [
          [
            141.151316,
            39.166402
          ],
          [
            141.148444,
            39.167206
          ],
          [
            141.147923,
            39.167685
          ],
          [
            141.149801,
            39.167893
          ],
          [
            141.149806,
            39.167839
          ],
          [
            141.150815,
            39.167955
          ],
          [
            141.151292,
            39.168229
          ],
          [
            141.151603,
            39.168475
          ]
        ]
      }
    },
    {
      "type": "Feature",
      "properties": {
        "_color": "#ff00ff",
        "_opacity": 1,
        "_weight": 3
      },
      "geometry": {
        "type": "LineString",
        "coordinates": [
          [
            141.148436,
            39.167204
          ],
          [
            141.149445,
            39.166771
          ],
          [
            141.149176,
            39.166622
          ],
          [
            141.149053,
            39.166634
          ],
          [
            141.149166,
            39.166343
          ],
          [
            141.149428,
            39.166206
          ],
          [
            141.149155,
            39.166081
          ],
          [
            141.149375,
            39.165698
          ],
          [
            141.149665,
            39.165366
          ],
          [
            141.149976,
            39.16552
          ],
          [
            141.150083,
            39.165644
          ],
          [
            141.150367,
            39.165848
          ],
          [
            141.150528,
            39.16594
          ],
          [
            141.150767,
            39.165996
          ],
          [
            141.15096,
            39.165676
          ]
        ]
      }
    },
    {
      "type": "Feature",
      "properties": {
        "_color": "#ff00ff",
        "_opacity": 1,
        "_weight": 3
      },
      "geometry": {
        "type": "LineString",
        "coordinates": [
          [
            141.154103,
            39.165102
          ],
          [
            141.15766,
            39.164765
          ],
          [
            141.158883,
            39.164644
          ],
          [
            141.160203,
            39.164299
          ],
          [
            141.160408,
            39.164821
          ],
          [
            141.159748,
            39.165869
          ],
          [
            141.158711,
            39.166899
          ]
        ]
      }
    },
    {
      "type": "Feature",
      "properties": {
        "_color": "#ff00ff",
        "_opacity": 1,
        "_weight": 3
      },
      "geometry": {
        "type": "LineString",
        "coordinates": [
          [
            141.150902,
            39.164362
          ],
          [
            141.151247,
            39.164101
          ],
          [
            141.151642,
            39.163875
          ],
          [
            141.151689,
            39.163799
          ],
          [
            141.152038,
            39.163596
          ]
        ]
      }
    },
    {
      "type": "Feature",
      "properties": {
        "_color": "#ff00ff",
        "_opacity": 1,
        "_weight": 3
      },
      "geometry": {
        "type": "LineString",
        "coordinates": [
          [
            141.15204,
            39.163591
          ],
          [
            141.152954,
            39.163212
          ],
          [
            141.153035,
            39.163108
          ]
        ]
      }
    },
    {
      "type": "Feature",
      "properties": {
        "_color": "#ff00ff",
        "_opacity": 1,
        "_weight": 3
      },
      "geometry": {
        "type": "LineString",
        "coordinates": [
          [
            141.153035,
            39.163114
          ],
          [
            141.153647,
            39.162823
          ],
          [
            141.153792,
            39.162819
          ],
          [
            141.154237,
            39.162669
          ],
          [
            141.154881,
            39.162652
          ],
          [
            141.155235,
            39.16269
          ],
          [
            141.155825,
            39.162744
          ],
          [
            141.156163,
            39.162756
          ],
          [
            141.156318,
            39.162811
          ],
          [
            141.156745,
            39.162815
          ],
          [
            141.15697,
            39.162815
          ],
          [
            141.157131,
            39.16289
          ],
          [
            141.157278,
            39.162914
          ],
          [
            141.157444,
            39.162968
          ],
          [
            141.157632,
            39.162943
          ],
          [
            141.157632,
            39.163006
          ],
          [
            141.157884,
            39.162985
          ],
          [
            141.158265,
            39.162531
          ],
          [
            141.158798,
            39.162264
          ],
          [
            141.1598,
            39.161949
          ],
          [
            141.160903,
            39.164107
          ],
          [
            141.160185,
            39.164294
          ]
        ]
      }
    },
    {
      "type": "Feature",
      "properties": {
        "_color": "#ff00ff",
        "_opacity": 1,
        "_weight": 3
      },
      "geometry": {
        "type": "LineString",
        "coordinates": [
          [
            141.162727,
            39.165409
          ],
          [
            141.162778,
            39.158724
          ],
          [
            141.165352,
            39.154978
          ]
        ]
      }
    },
    {
      "type": "Feature",
      "properties": {
        "_color": "#ff00ff",
        "_opacity": 1,
        "_weight": 3
      },
      "geometry": {
        "type": "LineString",
        "coordinates": [
          [
            141.15913,
            39.161521
          ],
          [
            141.158921,
            39.161358
          ],
          [
            141.158025,
            39.161325
          ],
          [
            141.157891,
            39.161471
          ],
          [
            141.157408,
            39.161458
          ],
          [
            141.157381,
            39.161225
          ],
          [
            141.15722,
            39.160843
          ],
          [
            141.156362,
            39.1604
          ],
          [
            141.15633,
            39.160223
          ],
          [
            141.156732,
            39.160115
          ],
          [
            141.157043,
            39.160036
          ],
          [
            141.157231,
            39.159948
          ],
          [
            141.157359,
            39.15979
          ],
          [
            141.157429,
            39.15972
          ],
          [
            141.157703,
            39.159861
          ],
          [
            141.157874,
            39.159948
          ],
          [
            141.157992,
            39.159959
          ],
          [
            141.158116,
            39.16001
          ],
          [
            141.158358,
            39.160177
          ],
          [
            141.159087,
            39.160814
          ],
          [
            141.159495,
            39.160967
          ]
        ]
      }
    },
    {
      "type": "Feature",
      "properties": {
        "_color": "#ff00ff",
        "_opacity": 1,
        "_weight": 3
      },
      "geometry": {
        "type": "LineString",
        "coordinates": [
          [
            141.15811,
            39.160031
          ],
          [
            141.158276,
            39.15974
          ],
          [
            141.158346,
            39.159703
          ],
          [
            141.158491,
            39.15959
          ],
          [
            141.15892,
            39.159212
          ],
          [
            141.158947,
            39.159145
          ],
          [
            141.159033,
            39.158991
          ],
          [
            141.159135,
            39.158821
          ],
          [
            141.159649,
            39.158821
          ],
          [
            141.160331,
            39.158646
          ],
          [
            141.160501,
            39.158426
          ],
          [
            141.160629,
            39.158426
          ],
          [
            141.162555,
            39.158239
          ]
        ]
      }
    },
    {
      "type": "Feature",
      "properties": {
        "_color": "#ff00ff",
        "_opacity": 1,
        "_weight": 3
      },
      "geometry": {
        "type": "LineString",
        "coordinates": [
          [
            141.162764,
            39.158729
          ],
          [
            141.162421,
            39.1585
          ],
          [
            141.162507,
            39.158238
          ],
          [
            141.163306,
            39.157232
          ],
          [
            141.161922,
            39.157298
          ],
          [
            141.161901,
            39.157398
          ],
          [
            141.160753,
            39.157373
          ],
          [
            141.160088,
            39.157369
          ],
          [
            141.159417,
            39.15744
          ],
          [
            141.157835,
            39.157544
          ],
          [
            141.157658,
            39.158613
          ],
          [
            141.157593,
            39.159141
          ],
          [
            141.157561,
            39.159303
          ],
          [
            141.157518,
            39.159457
          ],
          [
            141.157464,
            39.15959
          ],
          [
            141.157416,
            39.159736
          ]
        ]
      }
    },
    {
      "type": "Feature",
      "properties": {
        "_color": "#ff00ff",
        "_opacity": 1,
        "_weight": 3
      },
      "geometry": {
        "type": "LineString",
        "coordinates": [
          [
            141.158084,
            39.162735
          ],
          [
            141.157912,
            39.162536
          ],
          [
            141.155938,
            39.162452
          ],
          [
            141.154575,
            39.162427
          ],
          [
            141.154393,
            39.162344
          ]
        ]
      }
    },
    {
      "type": "Feature",
      "properties": {
        "_color": "#ff00ff",
        "_opacity": 1,
        "_weight": 3
      },
      "geometry": {
        "type": "LineString",
        "coordinates": [
          [
            141.152634,
            39.162874
          ],
          [
            141.153541,
            39.162646
          ],
          [
            141.153578,
            39.162691
          ],
          [
            141.154367,
            39.162492
          ],
          [
            141.154388,
            39.162242
          ]
        ]
      }
    },
    {
      "type": "Feature",
      "properties": {
        "_color": "#ff00ff",
        "_opacity": 1,
        "_weight": 3
      },
      "geometry": {
        "type": "LineString",
        "coordinates": [
          [
            141.151671,
            39.160677
          ],
          [
            141.151925,
            39.160576
          ],
          [
            141.152344,
            39.160502
          ],
          [
            141.152853,
            39.160443
          ],
          [
            141.153315,
            39.160389
          ],
          [
            141.153969,
            39.160373
          ],
          [
            141.154693,
            39.160423
          ],
          [
            141.15501,
            39.160435
          ],
          [
            141.15531,
            39.160427
          ],
          [
            141.155686,
            39.160367
          ],
          [
            141.156008,
            39.160288
          ],
          [
            141.156335,
            39.160218
          ]
        ]
      }
    },
    {
      "type": "Feature",
      "properties": {
        "_color": "#ff00ff",
        "_opacity": 1,
        "_weight": 3
      },
      "geometry": {
        "type": "LineString",
        "coordinates": [
          [
            141.150583,
            39.159802
          ],
          [
            141.151115,
            39.159685
          ]
        ]
      }
    },
    {
      "type": "Feature",
      "properties": {
        "_color": "#ff00ff",
        "_opacity": 1,
        "_weight": 3
      },
      "geometry": {
        "type": "LineString",
        "coordinates": [
          [
            141.154383,
            39.162239
          ],
          [
            141.153132,
            39.162268
          ],
          [
            141.153141,
            39.162056
          ],
          [
            141.153045,
            39.162052
          ],
          [
            141.153046,
            39.162259
          ],
          [
            141.152728,
            39.162256
          ],
          [
            141.152712,
            39.162006
          ],
          [
            141.152417,
            39.161986
          ],
          [
            141.151673,
            39.160676
          ],
          [
            141.15112,
            39.159689
          ]
        ]
      }
    },
    {
      "type": "Feature",
      "properties": {
        "_color": "#ff00ff",
        "_opacity": 1,
        "_weight": 3
      },
      "geometry": {
        "type": "LineString",
        "coordinates": [
          [
            141.153026,
            39.163124
          ],
          [
            141.152382,
            39.162708
          ]
        ]
      }
    },
    {
      "type": "Feature",
      "properties": {
        "_color": "#ff00ff",
        "_opacity": 1,
        "_weight": 3
      },
      "geometry": {
        "type": "LineString",
        "coordinates": [
          [
            141.150576,
            39.163733
          ],
          [
            141.151209,
            39.163268
          ],
          [
            141.151611,
            39.163037
          ],
          [
            141.152389,
            39.162702
          ]
        ]
      }
    },
    {
      "type": "Feature",
      "properties": {
        "_color": "#ff00ff",
        "_opacity": 1,
        "_weight": 3
      },
      "geometry": {
        "type": "LineString",
        "coordinates": [
          [
            141.151108,
            39.159684
          ],
          [
            141.151209,
            39.159597
          ],
          [
            141.151285,
            39.159468
          ],
          [
            141.151322,
            39.159368
          ],
          [
            141.151381,
            39.159231
          ],
          [
            141.151414,
            39.158896
          ],
          [
            141.157649,
            39.158605
          ]
        ]
      }
    },
    {
      "type": "Feature",
      "properties": {
        "_color": "#ff00ff",
        "_opacity": 1,
        "_weight": 3
      },
      "geometry": {
        "type": "LineString",
        "coordinates": [
          [
            141.153771,
            39.1588
          ],
          [
            141.153513,
            39.155661
          ]
        ]
      }
    },
    {
      "type": "Feature",
      "properties": {
        "_color": "#ff00ff",
        "_opacity": 1,
        "_weight": 3
      },
      "geometry": {
        "type": "LineString",
        "coordinates": [
          [
            141.1514,
            39.158904
          ],
          [
            141.151357,
            39.158397
          ],
          [
            141.151389,
            39.158268
          ],
          [
            141.151394,
            39.158131
          ],
          [
            141.151416,
            39.15791
          ],
          [
            141.151432,
            39.157806
          ],
          [
            141.151426,
            39.157573
          ],
          [
            141.151432,
            39.157328
          ],
          [
            141.151389,
            39.157049
          ],
          [
            141.151373,
            39.15687
          ],
          [
            141.151655,
            39.156856
          ],
          [
            141.151826,
            39.156798
          ],
          [
            141.15203,
            39.156711
          ],
          [
            141.152111,
            39.156644
          ],
          [
            141.152191,
            39.15644
          ],
          [
            141.152282,
            39.156216
          ],
          [
            141.152395,
            39.15622
          ],
          [
            141.152534,
            39.155941
          ],
          [
            141.152631,
            39.155866
          ],
          [
            141.152635,
            39.155804
          ],
          [
            141.152726,
            39.155689
          ]
        ]
      }
    },
    {
      "type": "Feature",
      "properties": {
        "_color": "#ff00ff",
        "_opacity": 1,
        "_weight": 3
      },
      "geometry": {
        "type": "LineString",
        "coordinates": [
          [
            141.146708,
            39.158246
          ],
          [
            141.146806,
            39.158224
          ],
          [
            141.147557,
            39.158241
          ],
          [
            141.147607,
            39.157706
          ],
          [
            141.147993,
            39.157723
          ],
          [
            141.148197,
            39.157519
          ],
          [
            141.148266,
            39.157551
          ],
          [
            141.149195,
            39.156945
          ],
          [
            141.150198,
            39.156854
          ],
          [
            141.150225,
            39.157066
          ],
          [
            141.151384,
            39.157062
          ]
        ]
      }
    },
    {
      "type": "Feature",
      "properties": {
        "_color": "#ff00ff",
        "_opacity": 1,
        "_weight": 3
      },
      "geometry": {
        "type": "LineString",
        "coordinates": [
          [
            141.156204,
            39.158693
          ],
          [
            141.155944,
            39.155517
          ]
        ]
      }
    },
    {
      "type": "Feature",
      "properties": {
        "_color": "#ff00ff",
        "_opacity": 1,
        "_weight": 3
      },
      "geometry": {
        "type": "LineString",
        "coordinates": [
          [
            141.15351,
            39.155679
          ],
          [
            141.148061,
            39.155917
          ]
        ]
      }
    },
    {
      "type": "Feature",
      "geometry": {
        "type": "LineString",
        "coordinates": [
          [
            141.159298,
            39.167917,
            0
          ],
          [
            141.159298,
            39.167917,
            0
          ]
        ]
      },
      "properties": {
        "_color": "#646464",
        "_opacity": 1,
        "_weight": 3
      }
    },
    {
      "type": "Feature",
      "geometry": {
        "type": "LineString",
        "coordinates": [
          [
            141.148069,
            39.155429,
            0
          ],
          [
            141.148941,
            39.155375,
            0
          ],
          [
            141.149661,
            39.154811,
            0
          ],
          [
            141.153222,
            39.15461,
            0
          ],
          [
            141.153347,
            39.154708,
            0
          ],
          [
            141.153469,
            39.154717,
            0
          ],
          [
            141.153731,
            39.154594,
            0
          ],
          [
            141.153499,
            39.154978,
            0
          ],
          [
            141.153517,
            39.155653,
            0
          ],
          [
            141.164427,
            39.155096,
            0
          ],
          [
            141.164379,
            39.154691,
            0
          ],
          [
            141.166488,
            39.155285,
            0
          ]
        ]
      },
      "properties": {
        "_color": "#e72741",
        "_opacity": 1,
        "_weight": 5
      }
    },
    {
      "type": "Feature",
      "geometry": {
        "type": "LineString",
        "coordinates": [
          [
            141.150355,
            39.163882,
            0
          ],
          [
            141.150594,
            39.163728,
            0
          ],
          [
            141.150471,
            39.163568,
            0
          ],
          [
            141.150519,
            39.163412,
            0
          ],
          [
            141.150466,
            39.163379,
            0
          ],
          [
            141.150539,
            39.163222,
            0
          ],
          [
            141.150536,
            39.16313,
            0
          ],
          [
            141.150407,
            39.163114,
            0
          ],
          [
            141.15043,
            39.162808,
            0
          ],
          [
            141.150549,
            39.162758,
            0
          ],
          [
            141.150525,
            39.162532,
            0
          ],
          [
            141.150456,
            39.162449,
            0
          ],
          [
            141.150402,
            39.162441,
            0
          ],
          [
            141.150291,
            39.162307,
            0
          ],
          [
            141.150346,
            39.162208,
            0
          ],
          [
            141.150262,
            39.162087,
            0
          ]
        ]
      },
      "properties": {
        "_color": "#ff874b",
        "_opacity": 1,
        "_weight": 3
      }
    },
    {
      "type": "Feature",
      "geometry": {
        "type": "LineString",
        "coordinates": [
          [
            141.1506,
            39.159892,
            0
          ],
          [
            141.150555,
            39.159666,
            0
          ],
          [
            141.150313,
            39.159636,
            0
          ],
          [
            141.150092,
            39.159607,
            0
          ],
          [
            141.149898,
            39.15954,
            0
          ],
          [
            141.149657,
            39.15954,
            0
          ],
          [
            141.149437,
            39.159574,
            0
          ],
          [
            141.149238,
            39.159553,
            0
          ],
          [
            141.149023,
            39.159586,
            0
          ],
          [
            141.148846,
            39.159499,
            0
          ],
          [
            141.148535,
            39.159445,
            0
          ],
          [
            141.148049,
            39.159224,
            0
          ],
          [
            141.147889,
            39.159125,
            0
          ],
          [
            141.147831,
            39.159125,
            0
          ],
          [
            141.147719,
            39.159075,
            0
          ],
          [
            141.147542,
            39.1591,
            0
          ],
          [
            141.147193,
            39.159154,
            0
          ],
          [
            141.147184,
            39.159092,
            0
          ],
          [
            141.147211,
            39.15903,
            0
          ],
          [
            141.147233,
            39.158988,
            0
          ],
          [
            141.147266,
            39.158951,
            0
          ],
          [
            141.147257,
            39.15879,
            0
          ],
          [
            141.147071,
            39.158778,
            0
          ],
          [
            141.147078,
            39.158638,
            0
          ],
          [
            141.146866,
            39.158605,
            0
          ],
          [
            141.146864,
            39.158408,
            0
          ],
          [
            141.146688,
            39.158404,
            0
          ],
          [
            141.146702,
            39.158244,
            0
          ]
        ]
      },
      "properties": {
        "_color": "#ff874b",
        "_opacity": 1,
        "_weight": 3
      }
    },
    {
      "type": "Feature",
      "geometry": {
        "type": "LineString",
        "coordinates": [
          [
            141.146696,
            39.158253,
            0
          ],
          [
            141.146179,
            39.158442,
            0
          ],
          [
            141.146014,
            39.15831,
            0
          ],
          [
            141.145901,
            39.158243
          ],
          [
            141.145772,
            39.158143
          ],
          [
            141.145681,
            39.158081
          ],
          [
            141.145579,
            39.157998
          ],
          [
            141.145483,
            39.157931
          ],
          [
            141.145341,
            39.157844
          ],
          [
            141.145261,
            39.157802
          ],
          [
            141.145182,
            39.15776,
            0
          ]
        ]
      },
      "properties": {
        "_color": "#ff874b",
        "_opacity": 1,
        "_weight": 3
      }
    },
    {
      "type": "Feature",
      "geometry": {
        "type": "LineString",
        "coordinates": [
          [
            141.132431,
            39.166603,
            0
          ],
          [
            141.132721,
            39.167171,
            0
          ],
          [
            141.133351,
            39.167891,
            0
          ],
          [
            141.133745,
            39.168147,
            0
          ],
          [
            141.134123,
            39.168502,
            0
          ],
          [
            141.134029,
            39.168734,
            0
          ],
          [
            141.134359,
            39.168978,
            0
          ],
          [
            141.134533,
            39.169308,
            0
          ],
          [
            141.13521,
            39.169601,
            0
          ],
          [
            141.135682,
            39.169967,
            0
          ],
          [
            141.136234,
            39.170297,
            0
          ],
          [
            141.136407,
            39.170944,
            0
          ],
          [
            141.136565,
            39.17164,
            0
          ],
          [
            141.136628,
            39.17175,
            0
          ],
          [
            141.136745,
            39.171848,
            0
          ],
          [
            141.1369,
            39.171897,
            0
          ],
          [
            141.137394,
            39.171929,
            0
          ],
          [
            141.137533,
            39.171925,
            0
          ],
          [
            141.137597,
            39.171954,
            0
          ],
          [
            141.137689,
            39.171929,
            0
          ],
          [
            141.138686,
            39.171916,
            0
          ],
          [
            141.138837,
            39.171941,
            0
          ],
          [
            141.139201,
            39.17217,
            0
          ],
          [
            141.139248,
            39.172255,
            0
          ],
          [
            141.139318,
            39.17233,
            0
          ],
          [
            141.13956,
            39.172338,
            0
          ],
          [
            141.140879,
            39.17198,
            0
          ],
          [
            141.141308,
            39.17198,
            0
          ],
          [
            141.1431,
            39.17265,
            0
          ],
          [
            141.143814,
            39.173153,
            0
          ],
          [
            141.144382,
            39.17359,
            0
          ]
        ]
      },
      "properties": {
        "_color": "#e72741",
        "_opacity": 1,
        "_weight": 5
      }
    },
    {
      "type": "Feature",
      "geometry": {
        "type": "LineString",
        "coordinates": [
          [
            141.152564,
            39.167406
          ],
          [
            141.152435,
            39.167327,
            0
          ],
          [
            141.152317,
            39.167256
          ],
          [
            141.152215,
            39.167161,
            0
          ],
          [
            141.152049,
            39.166782,
            0
          ],
          [
            141.151968,
            39.166553
          ],
          [
            141.151882,
            39.16625
          ],
          [
            141.151319,
            39.166399,
            0
          ],
          [
            141.150975,
            39.16568,
            0
          ],
          [
            141.151335,
            39.164977,
            0
          ],
          [
            141.151153,
            39.164669,
            0
          ],
          [
            141.150922,
            39.164366,
            0
          ],
          [
            141.150343,
            39.163908,
            0
          ],
          [
            141.149962,
            39.164274,
            0
          ],
          [
            141.149865,
            39.164345
          ],
          [
            141.149624,
            39.164619
          ],
          [
            141.149399,
            39.164894,
            0
          ],
          [
            141.149318,
            39.16484
          ],
          [
            141.14905,
            39.165123
          ],
          [
            141.149002,
            39.165306,
            0
          ],
          [
            141.148803,
            39.165372
          ],
          [
            141.148626,
            39.16538
          ],
          [
            141.148455,
            39.165414
          ],
          [
            141.148353,
            39.165393
          ],
          [
            141.148251,
            39.165422,
            0
          ],
          [
            141.148058,
            39.165688,
            0
          ],
          [
            141.147934,
            39.16583,
            0
          ],
          [
            141.147457,
            39.165605,
            0
          ],
          [
            141.146915,
            39.164603,
            0
          ],
          [
            141.146438,
            39.164565,
            0
          ],
          [
            141.145955,
            39.16452,
            0
          ],
          [
            141.145601,
            39.164482,
            0
          ],
          [
            141.145402,
            39.16449,
            0
          ],
          [
            141.145048,
            39.164449,
            0
          ],
          [
            141.144608,
            39.164407,
            0
          ],
          [
            141.143825,
            39.164607,
            0
          ],
          [
            141.143889,
            39.164378,
            0
          ],
          [
            141.143932,
            39.16422
          ],
          [
            141.143981,
            39.164,
            0
          ],
          [
            141.144029,
            39.163721,
            0
          ],
          [
            141.14405,
            39.163509
          ],
          [
            141.144087,
            39.162897,
            0
          ],
          [
            141.144801,
            39.162881
          ],
          [
            141.144802,
            39.1628,
            0
          ],
          [
            141.14626,
            39.162863,
            0
          ],
          [
            141.146265,
            39.162754,
            0
          ],
          [
            141.146114,
            39.162719,
            0
          ],
          [
            141.146135,
            39.162555,
            0
          ],
          [
            141.14567,
            39.162511,
            0
          ],
          [
            141.14573,
            39.162001,
            0
          ],
          [
            141.145381,
            39.161962,
            0
          ],
          [
            141.145182,
            39.161945
          ],
          [
            141.145048,
            39.161932
          ],
          [
            141.144737,
            39.161909,
            0
          ],
          [
            141.144834,
            39.160863,
            0
          ],
          [
            141.14332,
            39.160738,
            0
          ],
          [
            141.143106,
            39.161168,
            0
          ],
          [
            141.144152,
            39.161252,
            0
          ],
          [
            141.144115,
            39.161851,
            0
          ],
          [
            141.144104,
            39.162224,
            0
          ],
          [
            141.142519,
            39.162118,
            0
          ],
          [
            141.142434,
            39.162213,
            0
          ],
          [
            141.142586,
            39.1625,
            0
          ],
          [
            141.142619,
            39.162758,
            0
          ],
          [
            141.142598,
            39.162891,
            0
          ],
          [
            141.142217,
            39.1629,
            0
          ],
          [
            141.141729,
            39.162829,
            0
          ],
          [
            141.141739,
            39.162621,
            0
          ],
          [
            141.142188,
            39.162286,
            0
          ],
          [
            141.142211,
            39.162101,
            0
          ],
          [
            141.142112,
            39.162107
          ],
          [
            141.141822,
            39.162099,
            0
          ],
          [
            141.141343,
            39.162064
          ],
          [
            141.140935,
            39.162029
          ],
          [
            141.140606,
            39.162,
            0
          ],
          [
            141.1388,
            39.164946,
            0
          ],
          [
            141.136684,
            39.164911,
            0
          ],
          [
            141.137006,
            39.162748,
            0
          ],
          [
            141.136329,
            39.162679,
            0
          ],
          [
            141.136167,
            39.163729,
            0
          ],
          [
            141.13528,
            39.163629,
            0
          ],
          [
            141.135159,
            39.164842,
            0
          ],
          [
            141.135119,
            39.165217,
            0
          ],
          [
            141.134643,
            39.165167,
            0
          ],
          [
            141.134393,
            39.165148,
            0
          ],
          [
            141.133982,
            39.165123,
            0
          ],
          [
            141.133547,
            39.165073,
            0
          ],
          [
            141.133361,
            39.166593,
            0
          ],
          [
            141.132935,
            39.166595
          ],
          [
            141.132731,
            39.166595
          ],
          [
            141.132619,
            39.166599
          ],
          [
            141.132517,
            39.166603
          ],
          [
            141.132436,
            39.166599,
            0
          ]
        ]
      },
      "properties": {
        "_color": "#e72741",
        "_opacity": 1,
        "_weight": 5
      }
    },
    {
      "type": "Feature",
      "properties": {
        "_color": "#ff00ff",
        "_opacity": 1,
        "_weight": 3
      },
      "geometry": {
        "type": "LineString",
        "coordinates": [
          [
            141.158829,
            39.162253
          ],
          [
            141.159146,
            39.161504
          ],
          [
            141.15972,
            39.160631
          ],
          [
            141.160455,
            39.160485
          ],
          [
            141.162756,
            39.16068
          ]
        ]
      }
    },
    {
      "type": "Feature",
      "geometry": {
        "type": "LineString",
        "coordinates": [
          [
            141.150253,
            39.162075,
            0
          ],
          [
            141.150125,
            39.16195,
            0
          ],
          [
            141.150174,
            39.161795,
            0
          ],
          [
            141.15026,
            39.161729,
            0
          ],
          [
            141.150381,
            39.161239,
            0
          ],
          [
            141.15028,
            39.161226,
            0
          ],
          [
            141.150388,
            39.16107,
            0
          ],
          [
            141.150447,
            39.160872,
            0
          ],
          [
            141.15049,
            39.160749,
            0
          ],
          [
            141.150511,
            39.160593,
            0
          ],
          [
            141.150522,
            39.160502,
            0
          ],
          [
            141.150576,
            39.160366,
            0
          ],
          [
            141.150695,
            39.160161,
            0
          ],
          [
            141.150797,
            39.160153,
            0
          ],
          [
            141.15083,
            39.160024,
            0
          ],
          [
            141.150728,
            39.159991,
            0
          ],
          [
            141.150626,
            39.159941,
            0
          ],
          [
            141.150605,
            39.159895,
            0
          ]
        ]
      },
      "properties": {
        "_color": "#ff874b",
        "_opacity": 1,
        "_weight": 3
      }
    },
    {
      "type": "Feature",
      "properties": {
        "_color": "#ff00ff",
        "_opacity": 1,
        "_weight": 3
      },
      "geometry": {
        "type": "LineString",
        "coordinates": [
          [
            141.143821,
            39.164611
          ],
          [
            141.143637,
            39.165106
          ],
          [
            141.14353,
            39.165368
          ],
          [
            141.144866,
            39.165476
          ],
          [
            141.144628,
            39.165519
          ],
          [
            141.144718,
            39.165805
          ],
          [
            141.145139,
            39.165726
          ],
          [
            141.145077,
            39.165501
          ],
          [
            141.145767,
            39.165559
          ],
          [
            141.14662,
            39.165643
          ],
          [
            141.147537,
            39.165884
          ],
          [
            141.147494,
            39.166092
          ],
          [
            141.147156,
            39.166063
          ],
          [
            141.146958,
            39.166083
          ],
          [
            141.147087,
            39.166146
          ],
          [
            141.147612,
            39.1662
          ],
          [
            141.147671,
            39.16625
          ],
          [
            141.147875,
            39.166046
          ],
          [
            141.147913,
            39.16583
          ]
        ]
      }
    },
    {
      "type": "Feature",
      "properties": {
        "_color": "#ff00ff",
        "_opacity": 1,
        "_weight": 3
      },
      "geometry": {
        "type": "LineString",
        "coordinates": [
          [
            141.144087,
            39.162884
          ],
          [
            141.144093,
            39.162236
          ]
        ]
      }
    },
    {
      "type": "Feature",
      "properties": {
        "_color": "#ff00ff",
        "_opacity": 1,
        "_weight": 3
      },
      "geometry": {
        "type": "LineString",
        "coordinates": [
          [
            141.140605,
            39.161985
          ],
          [
            141.142129,
            39.159519
          ]
        ]
      }
    },
    {
      "type": "Feature",
      "properties": {
        "_color": "#ff00ff",
        "_opacity": 1,
        "_weight": 3
      },
      "geometry": {
        "type": "LineString",
        "coordinates": [
          [
            141.154007,
            39.154262
          ],
          [
            141.153851,
            39.154112
          ],
          [
            141.153519,
            39.15383
          ],
          [
            141.15325,
            39.153663
          ],
          [
            141.152837,
            39.153584
          ],
          [
            141.152338,
            39.15348
          ],
          [
            141.152167,
            39.15348
          ],
          [
            141.151984,
            39.153472
          ],
          [
            141.151577,
            39.153526
          ],
          [
            141.150815,
            39.15358
          ],
          [
            141.150241,
            39.153775
          ],
          [
            141.149914,
            39.153913
          ],
          [
            141.149415,
            39.154096
          ],
          [
            141.148642,
            39.154474
          ],
          [
            141.148535,
            39.154516
          ],
          [
            141.148374,
            39.154537
          ],
          [
            141.148224,
            39.154541
          ],
          [
            141.144726,
            39.154499
          ],
          [
            141.144657,
            39.154732
          ],
          [
            141.144581,
            39.154899
          ],
          [
            141.144539,
            39.154998
          ],
          [
            141.144427,
            39.155258
          ],
          [
            141.144378,
            39.155368
          ]
        ]
      }
    },
    {
      "type": "Feature",
      "properties": {
        "_color": "#ff00ff",
        "_opacity": 1,
        "_weight": 3
      },
      "geometry": {
        "type": "LineString",
        "coordinates": [
          [
            141.160256,
            39.155305
          ],
          [
            141.160294,
            39.153834
          ],
          [
            141.16009,
            39.153884
          ],
          [
            141.159832,
            39.153909
          ],
          [
            141.158845,
            39.154067
          ],
          [
            141.158985,
            39.154349
          ],
          [
            141.159232,
            39.154341
          ],
          [
            141.159328,
            39.15425
          ],
          [
            141.159757,
            39.154258
          ],
          [
            141.15979,
            39.154616
          ],
          [
            141.159693,
            39.15484
          ],
          [
            141.159264,
            39.154499
          ],
          [
            141.158717,
            39.154624
          ],
          [
            141.158599,
            39.154349
          ],
          [
            141.158717,
            39.154325
          ],
          [
            141.158599,
            39.1541
          ],
          [
            141.158288,
            39.15415
          ],
          [
            141.156796,
            39.154408
          ],
          [
            141.156442,
            39.154499
          ],
          [
            141.156152,
            39.154499
          ],
          [
            141.154618,
            39.154408
          ],
          [
            141.154296,
            39.154391
          ],
          [
            141.153996,
            39.15425
          ]
        ]
      }
    },
    {
      "type": "Feature",
      "properties": {
        "_color": "#ff00ff",
        "_opacity": 1,
        "_weight": 3
      },
      "geometry": {
        "type": "LineString",
        "coordinates": [
          [
            141.155936,
            39.155531
          ],
          [
            141.155903,
            39.155015
          ],
          [
            141.156461,
            39.154582
          ],
          [
            141.156451,
            39.154449
          ]
        ]
      }
    },
    {
      "type": "Feature",
      "properties": {
        "_color": "#ff00ff",
        "_opacity": 1,
        "_weight": 3
      },
      "geometry": {
        "type": "LineString",
        "coordinates": [
          [
            141.153706,
            39.154624
          ],
          [
            141.153996,
            39.154275
          ]
        ]
      }
    },
    {
      "type": "Feature",
      "properties": {
        "_color": "#ff00ff",
        "_opacity": 1,
        "_weight": 3
      },
      "geometry": {
        "type": "LineString",
        "coordinates": [
          [
            141.142504,
            39.162122
          ],
          [
            141.1423,
            39.162085
          ],
          [
            141.14219,
            39.162104
          ]
        ]
      }
    },
    {
      "type": "Feature",
      "properties": {
        "_color": "#ff00ff",
        "_opacity": 1,
        "_weight": 3
      },
      "geometry": {
        "type": "LineString",
        "coordinates": [
          [
            141.144238,
            39.16019
          ],
          [
            141.14427,
            39.159886
          ],
          [
            141.144329,
            39.159599
          ],
          [
            141.144378,
            39.159366
          ],
          [
            141.144447,
            39.159141
          ],
          [
            141.144528,
            39.158933
          ],
          [
            141.144603,
            39.15873
          ],
          [
            141.144742,
            39.158405
          ],
          [
            141.144882,
            39.158206
          ]
        ]
      }
    },
    {
      "type": "Feature",
      "properties": {
        "_color": "#ff00ff",
        "_opacity": 1,
        "_weight": 3
      },
      "geometry": {
        "type": "LineString",
        "coordinates": [
          [
            141.144823,
            39.160869
          ],
          [
            141.145585,
            39.160928
          ]
        ]
      }
    },
    {
      "type": "Feature",
      "properties": {
        "_color": "#ff00ff",
        "_opacity": 1,
        "_weight": 3
      },
      "geometry": {
        "type": "LineString",
        "coordinates": [
          [
            141.144148,
            39.161254
          ],
          [
            141.144197,
            39.160814
          ]
        ]
      }
    },
    {
      "type": "Feature",
      "properties": {
        "_markerType": "DivIcon",
        "_html": "<div style=\"font-size:11pt;font-weight:bold;background-color:#00ffff;\">白井坂</div>"
      },
      "geometry": {
        "type": "Point",
        "coordinates": [
          141.144119,
          39.168886
        ]
      }
    },
    {
      "type": "Feature",
      "properties": {
        "_markerType": "DivIcon",
        "_html": "<div style=\"font-size:11pt;font-weight:bold;background-color:#00ffff;\">吹張</div>"
      },
      "geometry": {
        "type": "Point",
        "coordinates": [
          141.145498,
          39.166604
        ]
      }
    },
    {
      "type": "Feature",
      "properties": {
        "_markerType": "DivIcon",
        "_html": "<div style=\"font-size:11pt;font-weight:bold;background-color:#00ffff;\">十文字</div>"
      },
      "geometry": {
        "type": "Point",
        "coordinates": [
          141.142003,
          39.166377
        ]
      }
    },
    {
      "type": "Feature",
      "properties": {
        "_markerType": "DivIcon",
        "_html": "<div style=\"font-size:11pt;font-weight:bold;background-color:#00ffff;\">寺西</div>"
      },
      "geometry": {
        "type": "Point",
        "coordinates": [
          141.145461,
          39.165184
        ]
      }
    },
    {
      "type": "Feature",
      "properties": {
        "_markerType": "DivIcon",
        "_html": "<div style=\"font-size:11pt;font-weight:bold;background-color:#00ff00;\">沼田</div>"
      },
      "geometry": {
        "type": "Point",
        "coordinates": [
          141.145222,
          39.16369
        ]
      }
    },
    {
      "type": "Feature",
      "properties": {
        "_markerType": "DivIcon",
        "_html": "<div style=\"font-size:11pt;font-weight:bold;background-color:#00ff00;\">三反町</div>"
      },
      "geometry": {
        "type": "Point",
        "coordinates": [
          141.143267,
          39.158662
        ]
      }
    },
    {
      "type": "Feature",
      "properties": {
        "_markerType": "DivIcon",
        "_html": "<div style=\"font-size:11pt;font-weight:bold;background-color:#00ff00;\">久田</div>"
      },
      "geometry": {
        "type": "Point",
        "coordinates": [
          141.140838,
          39.158908
        ]
      }
    },
    {
      "type": "Feature",
      "properties": {
        "_markerType": "DivIcon",
        "_html": "<div style=\"font-size:11pt;font-weight:bold;background-color:#00ff00;\">高谷</div>"
      },
      "geometry": {
        "type": "Point",
        "coordinates": [
          141.154523,
          39.156623
        ]
      }
    },
    {
      "type": "Feature",
      "properties": {
        "_markerType": "DivIcon",
        "_html": "<div style=\"font-size:11pt;font-weight:bold;background-color:#00ff00;\">矢中</div>"
      },
      "geometry": {
        "type": "Point",
        "coordinates": [
          141.157975,
          39.157011
        ]
      }
    },
    {
      "type": "Feature",
      "properties": {
        "_color": "#ff00ff",
        "_opacity": 1,
        "_weight": 3
      },
      "geometry": {
        "type": "LineString",
        "coordinates": [
          [
            141.146538,
            39.156186
          ],
          [
            141.145696,
            39.156215
          ],
          [
            141.145664,
            39.156269
          ],
          [
            141.145524,
            39.156265
          ],
          [
            141.145396,
            39.156252
          ],
          [
            141.145203,
            39.156223
          ],
          [
            141.145068,
            39.156211
          ],
          [
            141.144934,
            39.156194
          ],
          [
            141.145015,
            39.156402
          ],
          [
            141.145042,
            39.156539
          ],
          [
            141.145074,
            39.156706
          ],
          [
            141.145063,
            39.15686
          ],
          [
            141.145036,
            39.157009
          ],
          [
            141.145033,
            39.15707
          ],
          [
            141.145022,
            39.157128
          ]
        ]
      }
    },
    {
      "type": "Feature",
      "properties": {
        "_markerType": "DivIcon",
        "_html": "<div style=\"font-size:11pt;font-weight:bold;background-color:#00ff00;\">道下</div>"
      },
      "geometry": {
        "type": "Point",
        "coordinates": [
          141.147869,
          39.15683
        ]
      }
    },
    {
      "type": "Feature",
      "properties": {
        "_markerType": "DivIcon",
        "_html": "<div style=\"font-size:11pt;font-weight:bold;background-color:#00ff00;\">嶋舘</div>"
      },
      "geometry": {
        "type": "Point",
        "coordinates": [
          141.150713,
          39.15536
        ]
      }
    },
    {
      "type": "Feature",
      "properties": {
        "_color": "#ff00ff",
        "_opacity": 1,
        "_weight": 3
      },
      "geometry": {
        "type": "LineString",
        "coordinates": [
          [
            141.141819,
            39.160007
          ],
          [
            141.140934,
            39.15994
          ],
          [
            141.140494,
            39.159894
          ],
          [
            141.13985,
            39.159836
          ],
          [
            141.139196,
            39.15979
          ],
          [
            141.137421,
            39.159628
          ],
          [
            141.137452,
            39.159391
          ],
          [
            141.137232,
            39.159404
          ],
          [
            141.137018,
            39.159379
          ],
          [
            141.136835,
            39.159329
          ],
          [
            141.136948,
            39.159275
          ],
          [
            141.137061,
            39.159212
          ],
          [
            141.137157,
            39.159166
          ],
          [
            141.137034,
            39.158792
          ],
          [
            141.137613,
            39.158447
          ],
          [
            141.138107,
            39.15848
          ],
          [
            141.138337,
            39.158285
          ],
          [
            141.138482,
            39.158176
          ],
          [
            141.138648,
            39.158043
          ],
          [
            141.138804,
            39.157902
          ],
          [
            141.139002,
            39.157756
          ],
          [
            141.139238,
            39.157577
          ],
          [
            141.139555,
            39.157332
          ],
          [
            141.139496,
            39.15776
          ],
          [
            141.140789,
            39.157831
          ]
        ]
      }
    },
    {
      "type": "Feature",
      "geometry": {
        "type": "LineString",
        "coordinates": [
          [
            141.143978,
            39.156214,
            0
          ],
          [
            141.144378,
            39.155379,
            0
          ],
          [
            141.144281,
            39.155285,
            0
          ],
          [
            141.144174,
            39.155173,
            0
          ],
          [
            141.144045,
            39.155019,
            0
          ],
          [
            141.143208,
            39.155248,
            0
          ],
          [
            141.142817,
            39.154362,
            0
          ],
          [
            141.140118,
            39.15509,
            0
          ],
          [
            141.138192,
            39.155568
          ],
          [
            141.13609,
            39.156113
          ],
          [
            141.135703,
            39.156201
          ],
          [
            141.134266,
            39.15655
          ],
          [
            141.13403,
            39.156608
          ],
          [
            141.133831,
            39.156671
          ],
          [
            141.133697,
            39.156687
          ],
          [
            141.133602,
            39.156679,
            0
          ],
          [
            141.133667,
            39.156257,
            0
          ],
          [
            141.133711,
            39.155858,
            0
          ],
          [
            141.133753,
            39.155528,
            0
          ],
          [
            141.133765,
            39.155273,
            0
          ],
          [
            141.130233,
            39.1553,
            0
          ],
          [
            141.130301,
            39.157445,
            0
          ],
          [
            141.127407,
            39.157452,
            0
          ],
          [
            141.127436,
            39.158191,
            0
          ],
          [
            141.128134,
            39.158571,
            0
          ],
          [
            141.128021,
            39.15931,
            0
          ],
          [
            141.128148,
            39.160069,
            0
          ],
          [
            141.127601,
            39.160054,
            0
          ],
          [
            141.126756,
            39.160061,
            0
          ],
          [
            141.126141,
            39.160203,
            0
          ]
        ]
      },
      "properties": {
        "_color": "#e72741",
        "_opacity": 1,
        "_weight": 5
      }
    },
    {
      "type": "Feature",
      "geometry": {
        "type": "LineString",
        "coordinates": [
          [
            141.132426,
            39.166603,
            0
          ],
          [
            141.132161,
            39.166094,
            0
          ],
          [
            141.131984,
            39.165745,
            0
          ],
          [
            141.131881,
            39.165502,
            0
          ],
          [
            141.131616,
            39.164991,
            0
          ],
          [
            141.131484,
            39.164712,
            0
          ],
          [
            141.131454,
            39.164651,
            0
          ],
          [
            141.131334,
            39.164464,
            0
          ],
          [
            141.131143,
            39.164239,
            0
          ],
          [
            141.13089,
            39.164197,
            0
          ],
          [
            141.130075,
            39.163849,
            0
          ],
          [
            141.127593,
            39.16282,
            0
          ],
          [
            141.125672,
            39.162039,
            0
          ],
          [
            141.123922,
            39.161317,
            0
          ]
        ]
      },
      "properties": {
        "_color": "#e72741",
        "_opacity": 1,
        "_weight": 5
      }
    },
    {
      "type": "Feature",
      "geometry": {
        "type": "LineString",
        "coordinates": [
          [
            141.144201,
            39.160809,
            0
          ],
          [
            141.144251,
            39.160193,
            0
          ],
          [
            141.143437,
            39.160123,
            0
          ],
          [
            141.14357,
            39.159122,
            0
          ],
          [
            141.142453,
            39.159031,
            0
          ],
          [
            141.142145,
            39.159514,
            0
          ],
          [
            141.139276,
            39.159276,
            0
          ],
          [
            141.139419,
            39.158242,
            0
          ],
          [
            141.140735,
            39.158332,
            0
          ],
          [
            141.140801,
            39.157838,
            0
          ],
          [
            141.14125,
            39.157854,
            0
          ],
          [
            141.14132,
            39.157344,
            0
          ],
          [
            141.141958,
            39.15739,
            0
          ],
          [
            141.142044,
            39.156845,
            0
          ],
          [
            141.142657,
            39.156703,
            0
          ],
          [
            141.142695,
            39.156654,
            0
          ],
          [
            141.143997,
            39.156184,
            0
          ],
          [
            141.143603,
            39.157006,
            0
          ],
          [
            141.145034,
            39.157115,
            0
          ],
          [
            141.145015,
            39.157456,
            0
          ],
          [
            141.144884,
            39.158215,
            0
          ],
          [
            141.145269,
            39.157596,
            0
          ],
          [
            141.145533,
            39.157218,
            0
          ],
          [
            141.14607,
            39.156635,
            0
          ],
          [
            141.146533,
            39.156187,
            0
          ],
          [
            141.147011,
            39.156154,
            0
          ],
          [
            141.147653,
            39.156079,
            0
          ],
          [
            141.147803,
            39.156046,
            0
          ],
          [
            141.147844,
            39.155937,
            0
          ],
          [
            141.148111,
            39.155912,
            0
          ],
          [
            141.148069,
            39.155443,
            0
          ]
        ]
      },
      "properties": {
        "_color": "#e72741",
        "_opacity": 1,
        "_weight": 5
      }
    },
    {
      "type": "Feature",
      "properties": {
        "_markerType": "DivIcon",
        "_html": "<div style=\"font-size:15pt;font-weight:bold;color:#e72741;background-color:#ffff00;\">松堂行政区</div>"
      },
      "geometry": {
        "type": "Point",
        "coordinates": [
          141.131542,
          39.16405
        ]
      }
    },
    {
      "type": "Feature",
      "properties": {
        "_markerType": "DivIcon",
        "_html": "<div style=\"font-size:15pt;font-weight:bold;color:rgb(231, 39, 65);background-color:rgb(255, 255, 0);\">仙人行政区</div>"
      },
      "geometry": {
        "type": "Point",
        "coordinates": [
          141.152651,
          39.164692
        ]
      }
    },
    {
      "type": "Feature",
      "properties": {
        "_markerType": "DivIcon",
        "_html": "<div style=\"font-size:11pt;font-weight:bold;background-color:#00ff00;\">水工-2</div>"
      },
      "geometry": {
        "type": "Point",
        "coordinates": [
          141.15284,
          39.167152
        ]
      }
    },
    {
      "type": "Feature",
      "properties": {
        "_markerType": "DivIcon",
        "_html": "<div style=\"font-size:11pt;font-weight:bold;background-color:#00ff00;\">水工-1</div>"
      },
      "geometry": {
        "type": "Point",
        "coordinates": [
          141.151845,
          39.16567
        ]
      }
    }
  ]
}